-- MySQL dump 10.13  Distrib 8.0.41, for Linux (x86_64)
--
-- Host: localhost    Database: generalasahi
-- ------------------------------------------------------
-- Server version	8.0.41

/*!40101 SET @OLD_CHARACTER_SET_CLIENT=@@CHARACTER_SET_CLIENT */;
/*!40101 SET @OLD_CHARACTER_SET_RESULTS=@@CHARACTER_SET_RESULTS */;
/*!40101 SET @OLD_COLLATION_CONNECTION=@@COLLATION_CONNECTION */;
/*!50503 SET NAMES utf8mb4 */;
/*!40103 SET @OLD_TIME_ZONE=@@TIME_ZONE */;
/*!40103 SET TIME_ZONE='+00:00' */;
/*!40014 SET @OLD_UNIQUE_CHECKS=@@UNIQUE_CHECKS, UNIQUE_CHECKS=0 */;
/*!40014 SET @OLD_FOREIGN_KEY_CHECKS=@@FOREIGN_KEY_CHECKS, FOREIGN_KEY_CHECKS=0 */;
/*!40101 SET @OLD_SQL_MODE=@@SQL_MODE, SQL_MODE='NO_AUTO_VALUE_ON_ZERO' */;
/*!40111 SET @OLD_SQL_NOTES=@@SQL_NOTES, SQL_NOTES=0 */;

--
-- Table structure for table `ActionRequests`
--

DROP TABLE IF EXISTS `ActionRequests`;
/*!40101 SET @saved_cs_client     = @@character_set_client */;
/*!50503 SET character_set_client = utf8mb4 */;
CREATE TABLE `ActionRequests` (
  `id` int NOT NULL AUTO_INCREMENT,
  `userId` int NOT NULL,
  `requestedAction` varchar(255) NOT NULL,
  `endpoint` varchar(255) NOT NULL,
  `method` varchar(255) NOT NULL,
  `params` json DEFAULT NULL,
  `query` json DEFAULT NULL,
  `requestBody` json DEFAULT NULL,
  `status` enum('Pending','Approved','Rejected') NOT NULL DEFAULT 'Pending',
  `createdAt` datetime NOT NULL,
  `updatedAt` datetime NOT NULL,
  PRIMARY KEY (`id`),
  KEY `action_requests_status` (`status`),
  KEY `action_requests_user_id` (`userId`),
  CONSTRAINT `ActionRequests_ibfk_1` FOREIGN KEY (`userId`) REFERENCES `users` (`id`) ON DELETE CASCADE
) ENGINE=InnoDB AUTO_INCREMENT=79 DEFAULT CHARSET=utf8mb4 COLLATE=utf8mb4_0900_ai_ci;
/*!40101 SET character_set_client = @saved_cs_client */;

--
-- Dumping data for table `ActionRequests`
--

LOCK TABLES `ActionRequests` WRITE;
/*!40000 ALTER TABLE `ActionRequests` DISABLE KEYS */;
INSERT INTO `ActionRequests` VALUES (1,4,'GET','/roles/list','GET','{}','{}','{}','Rejected','2024-12-21 10:24:47','2024-12-22 09:24:39'),(2,4,'GET','/auth/list','GET','{}','{\"isDeleted\": \"false\"}','{}','Rejected','2024-12-21 10:24:47','2024-12-22 09:24:31'),(3,4,'GET','/access-module/role-menu-action/list','GET','{}','{\"limit\": \"1000\"}','{}','Rejected','2024-12-21 10:24:49','2024-12-22 09:24:41'),(4,4,'GET','/roles/list','GET','{}','{}','{}','Rejected','2024-12-21 10:25:07','2024-12-22 09:24:45'),(5,4,'GET','/auth/list','GET','{}','{\"isDeleted\": \"false\"}','{}','Rejected','2024-12-21 10:25:07','2024-12-22 09:24:43'),(6,4,'GET','/access-module/role-menu-action/list','GET','{}','{\"limit\": \"1000\"}','{}','Rejected','2024-12-21 10:25:10','2024-12-22 09:24:58'),(7,5,'GET','/auth/list','GET','{}','{\"isDeleted\": \"false\"}','{}','Rejected','2024-12-21 10:41:21','2024-12-22 09:25:21'),(8,5,'GET','/roles/list','GET','{}','{}','{}','Rejected','2024-12-21 10:41:21','2024-12-22 09:25:33'),(9,5,'GET','/access-module/role-menu-action/list','GET','{}','{\"limit\": \"1000\"}','{}','Rejected','2024-12-21 10:41:22','2024-12-22 09:25:30'),(10,5,'GET','/department/:id','GET','{\"id\": \"14\"}','{}','{}','Rejected','2024-12-21 10:41:34','2024-12-22 09:25:20'),(11,5,'GET','/access-module/role-menu-action/list','GET','{}','{\"limit\": \"1000\"}','{}','Rejected','2024-12-21 10:48:48','2024-12-22 09:25:18'),(12,5,'GET','/roles/list','GET','{}','{}','{}','Rejected','2024-12-21 10:48:48','2024-12-22 09:25:34'),(13,5,'GET','/auth/list','GET','{}','{\"isDeleted\": \"false\"}','{}','Rejected','2024-12-21 10:48:53','2024-12-22 09:25:27'),(14,5,'POST','/roles','POST','{}','{}','{\"title\": \"test1\", \"roleType\": \"other\", \"description\": \"aa\"}','Rejected','2024-12-21 10:49:14','2024-12-22 09:25:09'),(15,5,'GET','/roles/list','GET','{}','{}','{}','Rejected','2024-12-21 10:49:14','2024-12-22 09:25:16'),(16,5,'GET','/access-module/role-menu-action/list','GET','{}','{\"limit\": \"1000\"}','{}','Rejected','2024-12-21 10:49:19','2024-12-22 09:25:14'),(17,5,'GET','/roles/list','GET','{}','{}','{}','Rejected','2024-12-21 10:49:19','2024-12-22 09:24:14'),(18,2,'POST','/department','POST','{}','{}','{\"name\": \"check check \", \"color\": \"#000000\", \"subNameOne\": \"one\", \"subNameTwo\": \"two\"}','Rejected','2024-12-22 09:26:31','2024-12-22 09:27:21'),(19,2,'POST','/department','POST','{}','{}','{\"name\": \"check12\", \"color\": \"#000000\", \"subNameOne\": \"one\", \"subNameTwo\": \"two\"}','Rejected','2024-12-22 09:41:08','2024-12-22 09:41:45'),(20,2,'POST','/department','POST','{}','{}','{\"name\": \"check100\", \"color\": \"#000000\", \"subNameOne\": \"one\", \"subNameTwo\": \"two\"}','Rejected','2024-12-22 09:41:17','2024-12-22 09:42:41'),(21,2,'POST','/department','POST','{}','{}','{\"name\": \"checckk\", \"color\": \"#000000\", \"subNameOne\": \"one\", \"subNameTwo\": \"two\"}','Rejected','2024-12-22 09:43:29','2024-12-22 10:03:41'),(22,2,'POST','/department','POST','{}','{}','{\"name\": \"checkingg\", \"color\": \"#000000\", \"subNameOne\": \"one\", \"subNameTwo\": \"two\"}','Rejected','2024-12-22 09:43:36','2024-12-22 10:03:51'),(23,2,'POST','/department','POST','{}','{}','{\"name\": \"checkingg123\", \"color\": \"#000000\", \"subNameOne\": \"one\", \"subNameTwo\": \"two\"}','Rejected','2024-12-22 09:43:44','2024-12-22 10:04:32'),(24,2,'POST','/department','POST','{}','{}','{\"name\": \"checkcheckkk\", \"color\": \"#000000\", \"subNameOne\": \"one\", \"subNameTwo\": \"two\"}','Rejected','2024-12-22 09:43:54','2024-12-22 10:04:00'),(25,2,'POST','/department','POST','{}','{}','{\"name\": \"lastcheck\", \"color\": \"#000000\", \"subNameOne\": \"one\", \"subNameTwo\": \"two\"}','Rejected','2024-12-22 10:03:08','2024-12-22 10:04:40'),(26,2,'GET','/auth/list','GET','{}','{\"isDeleted\": \"false\"}','{}','Approved','2024-12-22 10:22:27','2024-12-22 10:23:18'),(27,2,'GET','/roles/list','GET','{}','{}','{}','Rejected','2024-12-22 10:22:27','2024-12-22 10:23:16'),(28,2,'GET','/access-module/role-menu-action/list','GET','{}','{\"limit\": \"1000\"}','{}','Approved','2024-12-22 10:22:27','2024-12-22 10:23:14'),(29,2,'POST','/department','POST','{}','{}','{\"name\": \"checlehcekf\", \"color\": \"#000000\", \"subNameOne\": \"one\", \"subNameTwo\": \"two\"}','Approved','2024-12-22 10:22:38','2024-12-22 13:59:02'),(30,2,'POST','/department','POST','{}','{}','{\"name\": \"finaltestt\", \"color\": \"#000000\", \"subNameOne\": \"one\", \"subNameTwo\": \"two\"}','Approved','2024-12-22 10:22:45','2024-12-22 12:50:22'),(31,2,'GET','/roles/list','GET','{}','{}','{}','Pending','2024-12-22 15:53:20','2024-12-22 15:53:20'),(32,2,'GET','/auth/list','GET','{}','{\"isDeleted\": \"false\"}','{}','Pending','2024-12-22 15:53:20','2024-12-22 15:53:20'),(33,2,'GET','/access-module/role-menu-action/list','GET','{}','{\"limit\": \"1000\"}','{}','Pending','2024-12-22 15:53:28','2024-12-22 15:53:28'),(34,2,'GET','/access-module/role-menu-action/list','GET','{}','{\"limit\": \"1000\"}','{}','Pending','2024-12-22 15:53:51','2024-12-22 15:53:51'),(35,2,'GET','/roles/list','GET','{}','{}','{}','Pending','2024-12-22 15:53:51','2024-12-22 15:53:51'),(36,2,'GET','/auth/list','GET','{}','{\"isDeleted\": \"false\"}','{}','Pending','2024-12-22 16:13:26','2024-12-22 16:13:26'),(37,2,'GET','/roles/list','GET','{}','{}','{}','Pending','2024-12-22 16:13:26','2024-12-22 16:13:26'),(38,2,'GET','/auth/list','GET','{}','{\"isDeleted\": \"false\"}','{}','Pending','2024-12-22 16:15:42','2024-12-22 16:15:42'),(39,2,'GET','/roles/list','GET','{}','{}','{}','Pending','2024-12-22 16:15:42','2024-12-22 16:15:42'),(40,2,'GET','/roles/list','GET','{}','{}','{}','Pending','2024-12-23 03:38:18','2024-12-23 03:38:18'),(41,2,'GET','/auth/list','GET','{}','{\"isDeleted\": \"false\"}','{}','Pending','2024-12-23 03:38:18','2024-12-23 03:38:18'),(42,2,'GET','/access-module/role-menu-action/list','GET','{}','{\"limit\": \"1000\"}','{}','Pending','2024-12-23 03:38:20','2024-12-23 03:38:20'),(43,2,'GET','/roles/list','GET','{}','{}','{}','Pending','2024-12-23 03:38:25','2024-12-23 03:38:25'),(44,2,'GET','/auth/list','GET','{}','{\"isDeleted\": \"false\"}','{}','Pending','2024-12-23 03:38:25','2024-12-23 03:38:25'),(45,2,'GET','/access-module/role-menu-action/list','GET','{}','{\"limit\": \"1000\"}','{}','Pending','2024-12-23 03:38:30','2024-12-23 03:38:30'),(46,2,'GET','/roles/list','GET','{}','{}','{}','Pending','2024-12-23 03:38:38','2024-12-23 03:38:38'),(47,2,'GET','/auth/list','GET','{}','{\"isDeleted\": \"false\"}','{}','Pending','2024-12-23 03:38:38','2024-12-23 03:38:38'),(48,2,'GET','/access-module/role-menu-action/list','GET','{}','{\"limit\": \"1000\"}','{}','Pending','2024-12-23 03:38:46','2024-12-23 03:38:46'),(49,3,'GET','/access-module/role-menu-action/list','GET','{}','{\"limit\": \"1000\"}','{}','Pending','2024-12-23 05:15:17','2024-12-23 05:15:17'),(50,3,'GET','/roles/list','GET','{}','{}','{}','Pending','2024-12-23 05:15:17','2024-12-23 05:15:17'),(51,3,'GET','/auth/list','GET','{}','{\"isDeleted\": \"false\"}','{}','Pending','2024-12-23 05:15:20','2024-12-23 05:15:20'),(52,3,'GET','/roles/list','GET','{}','{}','{}','Pending','2024-12-23 05:15:36','2024-12-23 05:15:36'),(53,3,'GET','/access-module/role-menu-action/list','GET','{}','{\"limit\": \"1000\"}','{}','Pending','2024-12-23 05:15:36','2024-12-23 05:15:36'),(54,2,'GET','/access-module/role-menu-action/list','GET','{}','{\"limit\": \"1000\"}','{}','Pending','2024-12-23 05:44:17','2024-12-23 05:44:17'),(55,2,'GET','/roles/list','GET','{}','{}','{}','Pending','2024-12-23 05:44:17','2024-12-23 05:44:17'),(56,2,'POST','/media','POST','{}','{}','{}','Pending','2024-12-23 05:48:44','2024-12-23 05:48:44'),(57,2,'POST','/media','POST','{}','{}','{}','Pending','2024-12-23 05:49:59','2024-12-23 05:49:59'),(58,2,'PUT','/employee/:id','PUT','{\"id\": \"6\"}','{}','{\"message\": \"私も就活中、社会人になることに対して漠然とした不安を抱えていました。入社後も先輩社員の活躍を見て、「あんな立派に働く自分の姿が想像付かない」と更に不安が増したのを覚えています。\\nしかし最初から完璧な人などいませんし、想像よりも社会は寛大です。先輩社員はみんな優しく支えてくれます。ペースは緩やかでも着実に成長していくものなので、皆さんも焦らず、身の丈よりちょっとだけ上の課題にどんどんチャレンジしてもらいたいなと思います。\", \"initials\": \"H.N.\", \"round_img\": \"resources/1734614198881-sw9wriqv-wappen.png\", \"designation\": \"企画デザイン\", \"message_img\": \"resources/1734752931967-2o5tdhw7-img_06.png\", \"departmentId\": 7, \"entered_date\": \"Jan 01, 2021\", \"web_view_img\": \"resources/1734856396836-vescgrsx-20240808_33522.png\", \"message_title\": \"就活生のあなたへメッセージ\", \"mobile_view_img\": \"resources/1734752934845-fh7pvhvd-img_01_mob.png\", \"office_location\": \"関西事業部\", \"emp_carousel_img\": \"resources/1734674546806-r0ip90n5-Mask_Group_8808.png\", \"emp_quote_img_one\": \"resources/1734684450292-550smcd9-01.png\", \"emp_quote_img_two\": \"resources/1734684454819-svvgkxsz-02.png\", \"emp_carousel_hov_img\": \"resources/1734674549999-jbri4k5p-Mask_Group_8823.png\"}','Pending','2024-12-23 06:19:08','2024-12-23 06:19:08'),(59,2,'POST','/media','POST','{}','{}','{}','Pending','2024-12-23 06:19:29','2024-12-23 06:19:29'),(60,2,'POST','/media','POST','{}','{}','{}','Pending','2024-12-23 06:19:46','2024-12-23 06:19:46'),(61,2,'GET','/department/:id','GET','{\"id\": \"3\"}','{}','{}','Pending','2024-12-23 06:21:44','2024-12-23 06:21:44'),(62,2,'GET','/department/:id','GET','{\"id\": \"3\"}','{}','{}','Pending','2024-12-23 06:21:52','2024-12-23 06:21:52'),(63,3,'GET','/roles/list','GET','{}','{}','{}','Pending','2024-12-23 06:58:12','2024-12-23 06:58:12'),(64,3,'GET','/auth/list','GET','{}','{\"isDeleted\": \"false\"}','{}','Pending','2024-12-23 06:58:12','2024-12-23 06:58:12'),(65,3,'GET','/access-module/role-menu-action/list','GET','{}','{\"limit\": \"1000\"}','{}','Pending','2024-12-23 06:58:15','2024-12-23 06:58:15'),(66,3,'DELETE','/employee/:id','DELETE','{\"id\": \"12\"}','{}','{}','Pending','2024-12-23 07:16:51','2024-12-23 07:16:51'),(67,3,'GET','/roles/list','GET','{}','{}','{}','Pending','2024-12-23 07:40:13','2024-12-23 07:40:13'),(68,3,'GET','/auth/list','GET','{}','{\"isDeleted\": \"false\"}','{}','Pending','2024-12-23 07:40:13','2024-12-23 07:40:13'),(69,3,'GET','/access-module/role-menu-action/list','GET','{}','{\"limit\": \"1000\"}','{}','Pending','2024-12-23 07:40:14','2024-12-23 07:40:14'),(70,3,'GET','/roles/list','GET','{}','{}','{}','Pending','2024-12-23 10:58:41','2024-12-23 10:58:41'),(71,3,'GET','/auth/list','GET','{}','{\"isDeleted\": \"false\"}','{}','Pending','2024-12-23 10:58:41','2024-12-23 10:58:41'),(72,2,'DELETE','/employee/:id','DELETE','{\"id\": \"12\"}','{}','{}','Pending','2024-12-25 04:36:27','2024-12-25 04:36:27'),(73,2,'DELETE','/employee/:id','DELETE','{\"id\": \"12\"}','{}','{}','Pending','2024-12-25 04:36:44','2024-12-25 04:36:44'),(74,1,'GET','/roles/:id','GET','{\"id\": \"1\"}','{}','{}','Pending','2025-01-24 08:49:52','2025-01-24 08:49:52'),(75,1,'GET','/roles/list','GET','{}','{\"page\": \"1\", \"limit\": \"10\"}','{}','Pending','2025-01-24 08:49:52','2025-01-24 08:49:52'),(76,1,'GET','/roles/list','GET','{}','{\"page\": \"1\", \"limit\": \"100\"}','{}','Pending','2025-01-24 08:49:55','2025-01-24 08:49:55'),(77,1,'PUT','/seo/:id','PUT','{\"id\": \"7\"}','{}','{\"title\": \"新卒採用サイト｜株式会社ゼネラルアサヒ\", \"author\": \"GA\", \"keywords\": [], \"og_title\": \"新卒採用サイト｜株式会社ゼネラルアサヒ\", \"pageName\": \"top\", \"description\": \"株式会社ゼネラルアサヒの新卒採用サイトです。事業内容や職種紹介、働き方インタビュー、募集要項など、採用に関する情報をお届けしています。\", \"og_description\": \"株式会社ゼネラルアサヒの新卒採用サイトです。事業内容や職種紹介、働き方インタビュー、募集要項など、採用に関する情報をお届けしています。\"}','Pending','2025-01-24 08:50:31','2025-01-24 08:50:31'),(78,1,'GET','/department/:id','GET','{\"id\": \"10\"}','{}','{}','Pending','2025-01-24 08:51:58','2025-01-24 08:51:58');
/*!40000 ALTER TABLE `ActionRequests` ENABLE KEYS */;
UNLOCK TABLES;

--
-- Table structure for table `ApprovalLogs`
--

DROP TABLE IF EXISTS `ApprovalLogs`;
/*!40101 SET @saved_cs_client     = @@character_set_client */;
/*!50503 SET character_set_client = utf8mb4 */;
CREATE TABLE `ApprovalLogs` (
  `id` int NOT NULL AUTO_INCREMENT,
  `requestId` int NOT NULL,
  `approvedById` int NOT NULL,
  `actionTaken` varchar(255) NOT NULL,
  `comments` varchar(255) DEFAULT NULL,
  `createdAt` datetime NOT NULL,
  PRIMARY KEY (`id`),
  KEY `approval_logs_request_id` (`requestId`),
  KEY `approval_logs_approved_by_id` (`approvedById`),
  CONSTRAINT `ApprovalLogs_ibfk_1` FOREIGN KEY (`requestId`) REFERENCES `ActionRequests` (`id`) ON DELETE CASCADE,
  CONSTRAINT `ApprovalLogs_ibfk_2` FOREIGN KEY (`approvedById`) REFERENCES `users` (`id`) ON DELETE CASCADE
) ENGINE=InnoDB DEFAULT CHARSET=utf8mb4 COLLATE=utf8mb4_0900_ai_ci;
/*!40101 SET character_set_client = @saved_cs_client */;

--
-- Dumping data for table `ApprovalLogs`
--

LOCK TABLES `ApprovalLogs` WRITE;
/*!40000 ALTER TABLE `ApprovalLogs` DISABLE KEYS */;
/*!40000 ALTER TABLE `ApprovalLogs` ENABLE KEYS */;
UNLOCK TABLES;

--
-- Table structure for table `SequelizeMeta`
--

DROP TABLE IF EXISTS `SequelizeMeta`;
/*!40101 SET @saved_cs_client     = @@character_set_client */;
/*!50503 SET character_set_client = utf8mb4 */;
CREATE TABLE `SequelizeMeta` (
  `name` varchar(255) COLLATE utf8mb3_unicode_ci NOT NULL,
  PRIMARY KEY (`name`),
  UNIQUE KEY `name` (`name`)
) ENGINE=InnoDB DEFAULT CHARSET=utf8mb3 COLLATE=utf8mb3_unicode_ci;
/*!40101 SET character_set_client = @saved_cs_client */;

--
-- Dumping data for table `SequelizeMeta`
--

LOCK TABLES `SequelizeMeta` WRITE;
/*!40000 ALTER TABLE `SequelizeMeta` DISABLE KEYS */;
INSERT INTO `SequelizeMeta` VALUES ('20240527144457-create-roles.js'),('20240527144509-create-users.js'),('20240527144523-create-session-logs.js'),('20240527144531-create-role-menus.js'),('20240527144542-create-role-menu-actions.js'),('20240527144553-create-role-actions.js'),('20241118091539-add-supervisor-id-to-users.js'),('20241119093030-create-action-requests.js'),('20241119093156-create-approval-logs.js'),('20241120050424-create-department-table.js'),('20241125100028-create-employees.js'),('20241125100126-create-qna.js'),('20241125100204-create-time-table-header.js'),('20241125100337-create-time-table.js'),('20241126103508-create-clipart.js'),('20241202060245-create-media-category.js'),('20241202060256-create-media.js'),('20241204091155-create-setting-table.js'),('20241204091200-create-socials.js'),('20241205061702-create-seo.js'),('20241219204209-remove-loginAttemptsCount-from-user.js'),('20241220052959-remove-unique-true-from-time-table.js'),('20241220062202-change-date-tyoe-from-time-table.js'),('20241220064202-alter-qna.js'),('20250123071234-create-faq.js'),('20412200741223-alter-employees.js'),('204122007412323-alter-seo.js'),('204122007412423-add-sub-department-employee.js'),('204122007412523-alter-media-table.js'),('204122007512523-alter-faq.js');
/*!40000 ALTER TABLE `SequelizeMeta` ENABLE KEYS */;
UNLOCK TABLES;

--
-- Table structure for table `clip_arts`
--

DROP TABLE IF EXISTS `clip_arts`;
/*!40101 SET @saved_cs_client     = @@character_set_client */;
/*!50503 SET character_set_client = utf8mb4 */;
CREATE TABLE `clip_arts` (
  `id` int NOT NULL AUTO_INCREMENT,
  `positionNumber` int NOT NULL,
  `departmentId` int NOT NULL,
  `img_png` varchar(255) DEFAULT NULL,
  `createdAt` datetime NOT NULL DEFAULT CURRENT_TIMESTAMP,
  `updatedAt` datetime NOT NULL DEFAULT CURRENT_TIMESTAMP ON UPDATE CURRENT_TIMESTAMP,
  PRIMARY KEY (`id`)
) ENGINE=InnoDB AUTO_INCREMENT=48 DEFAULT CHARSET=utf8mb4 COLLATE=utf8mb4_0900_ai_ci;
/*!40101 SET character_set_client = @saved_cs_client */;

--
-- Dumping data for table `clip_arts`
--

LOCK TABLES `clip_arts` WRITE;
/*!40000 ALTER TABLE `clip_arts` DISABLE KEYS */;
INSERT INTO `clip_arts` VALUES (1,1,3,'resources/1734624656992-xgwqto9h-Group 14732.png','2024-12-19 10:43:20','2024-12-20 07:55:20'),(2,2,3,'resources/1734624653525-ur6aa2wh-Group 14731.png','2024-12-19 10:43:32','2024-12-20 07:55:40'),(3,4,3,'resources/1734602766049-djzxir6t-Group 14725.png','2024-12-19 10:44:16','2024-12-19 13:09:49'),(4,12,4,'foerkfrl','2024-12-19 10:57:45','2024-12-19 10:57:45'),(5,1,5,'resources/1734602596655-oo1uk7ja-01_banner.png','2024-12-19 10:57:54','2024-12-19 11:05:20'),(6,1,5,'resources/1734602663003-0iolbtp0-Group 14732.png','2024-12-19 11:00:35','2024-12-19 11:00:35'),(7,2,5,'resources/1734602766049-djzxir6t-Group 14725.png','2024-12-19 11:00:55','2024-12-19 11:00:55'),(8,1,6,'resources/1734602663003-0iolbtp0-Group 14732.png','2024-12-19 11:09:16','2024-12-19 11:09:16'),(9,2,6,'resources/1734602636929-taq62mzc-img_05.png','2024-12-19 11:10:01','2024-12-19 11:10:01'),(10,1,12,'resources/1734624628743-jd4cgw33-Group 14058.png','2024-12-19 16:11:27','2024-12-19 16:11:27'),(11,2,12,'resources/1734624625827-46yzx1o9-Group 12854.png','2024-12-19 16:11:41','2024-12-19 16:11:41'),(12,3,12,'resources/1734624622602-rhhx39en-Group 12519.png','2024-12-19 16:12:32','2024-12-19 16:12:32'),(13,1,10,'resources/1736228133829-ur6hpf6z-Group_14092.png','2024-12-19 16:13:09','2025-01-07 05:37:49'),(14,2,10,'resources/1736225198341-f7q6wuf2-Group_15598.png','2024-12-19 16:13:36','2025-01-07 04:47:44'),(15,3,10,'resources/1734624622602-rhhx39en-Group 12519.png','2024-12-19 16:13:47','2024-12-19 16:13:47'),(16,1,14,'resources/1734624628743-jd4cgw33-Group 14058.png','2024-12-19 16:14:08','2024-12-19 16:14:08'),(17,2,14,'resources/1734624625827-46yzx1o9-Group 12854.png','2024-12-19 16:14:25','2024-12-19 16:14:25'),(18,3,14,'resources/1734624622602-rhhx39en-Group 12519.png','2024-12-19 16:14:34','2024-12-19 16:14:34'),(19,3,3,'resources/1734624651305-x1d9il54-Group 12649.png','2024-12-19 16:15:37','2024-12-19 16:15:37'),(20,1,13,'resources/1734624656992-xgwqto9h-Group 14732.png','2024-12-19 16:16:03','2024-12-19 16:16:03'),(21,2,13,'resources/1734624653525-ur6aa2wh-Group 14731.png','2024-12-19 16:16:12','2024-12-19 16:16:12'),(22,3,13,'resources/1734624651305-x1d9il54-Group 12649.png','2024-12-19 16:16:28','2024-12-19 16:16:28'),(23,1,11,'resources/1734624617528-xjq16c57-Mask Group 8884.png','2024-12-19 16:16:47','2024-12-19 16:16:47'),(24,2,11,'resources/1734624615433-qipphkd9-Group 14786.png','2024-12-19 16:16:56','2024-12-19 16:16:56'),(25,3,11,'resources/1734624613042-9cfl1imv-chart.png','2024-12-19 16:17:05','2024-12-19 16:17:05'),(26,1,7,'resources/1734624643469-9qr3wr51-Group 14787.png','2024-12-19 16:17:24','2024-12-19 16:17:24'),(27,2,7,'resources/1734624640970-9wotqo5k-Group 14786.png','2024-12-19 16:17:33','2024-12-19 16:17:33'),(28,3,7,'resources/1734624613042-9cfl1imv-chart.png','2024-12-19 16:17:43','2024-12-19 16:17:43'),(29,1,15,'resources/1734624625827-46yzx1o9-Group 12854.png','2024-12-19 16:56:23','2024-12-19 16:56:23'),(30,1,18,'resources/1734608539388-ekdxv65e-Mask Group 8812.png','2024-12-20 04:54:04','2024-12-20 04:56:11'),(31,2,18,'resources/1734624640970-9wotqo5k-Group 14786.png','2024-12-20 04:54:13','2024-12-20 04:54:13'),(32,3,18,'resources/1734624628743-jd4cgw33-Group 14058.png','2024-12-20 04:54:21','2024-12-20 04:54:21'),(33,4,18,'resources/1734619783279-kiqhy2jk-02.png','2024-12-20 04:54:38','2024-12-20 04:54:38'),(34,6,18,'resources/1734620116420-gmsppjty-img_06.png','2024-12-20 04:58:27','2024-12-20 04:58:27'),(35,9,18,'resources/1734620114726-n0d6eiji-img_05.png','2024-12-20 04:58:36','2024-12-20 04:58:46'),(36,7,18,'resources/1734624643469-9qr3wr51-Group 14787.png','2024-12-20 05:01:43','2024-12-20 05:01:48'),(37,5,18,'resources/1734620114726-n0d6eiji-img_05.png','2024-12-20 05:02:16','2024-12-20 05:02:21'),(38,1,25,'resources/1736228133829-ur6hpf6z-Group_14092.png','2025-01-07 04:38:13','2025-01-07 05:37:35'),(39,2,25,'resources/1736225198341-f7q6wuf2-Group_15598.png','2025-01-07 04:38:22','2025-01-07 04:47:17'),(40,3,25,'resources/1734624622602-rhhx39en-Group 12519.png','2025-01-07 04:38:37','2025-01-07 04:38:37'),(41,1,27,'resources/1736228133829-ur6hpf6z-Group_14092.png','2025-01-07 04:39:40','2025-01-07 05:35:51'),(42,2,27,'resources/1736225198341-f7q6wuf2-Group_15598.png','2025-01-07 04:39:50','2025-01-07 04:46:54'),(43,3,27,'resources/1734624622602-rhhx39en-Group 12519.png','2025-01-07 04:40:49','2025-01-07 04:40:49'),(44,1,26,'resources/1734624656992-xgwqto9h-Group 14732.png','2025-01-07 04:41:15','2025-01-07 04:41:15'),(45,2,26,'resources/1734624653525-ur6aa2wh-Group 14731.png','2025-01-07 04:41:22','2025-01-07 04:41:22'),(46,3,26,'resources/1734624651305-x1d9il54-Group 12649.png','2025-01-07 04:41:32','2025-01-07 04:41:32'),(47,1,28,'resources/1734685207813-v4xjdhu3-01.png','2025-01-09 14:38:56','2025-01-09 14:38:56');
/*!40000 ALTER TABLE `clip_arts` ENABLE KEYS */;
UNLOCK TABLES;

--
-- Table structure for table `departments`
--

DROP TABLE IF EXISTS `departments`;
/*!40101 SET @saved_cs_client     = @@character_set_client */;
/*!50503 SET character_set_client = utf8mb4 */;
CREATE TABLE `departments` (
  `id` int NOT NULL AUTO_INCREMENT,
  `name` varchar(255) NOT NULL,
  `slug` varchar(255) NOT NULL,
  `description` text,
  `color` varchar(255) DEFAULT NULL,
  `subNameOne` varchar(255) DEFAULT NULL,
  `subNameTwo` varchar(255) DEFAULT NULL,
  `createdAt` datetime NOT NULL,
  `updatedAt` datetime NOT NULL,
  PRIMARY KEY (`id`),
  UNIQUE KEY `slug` (`slug`)
) ENGINE=InnoDB AUTO_INCREMENT=32 DEFAULT CHARSET=utf8mb4 COLLATE=utf8mb4_0900_ai_ci;
/*!40101 SET character_set_client = @saved_cs_client */;

--
-- Dumping data for table `departments`
--

LOCK TABLES `departments` WRITE;
/*!40000 ALTER TABLE `departments` DISABLE KEYS */;
INSERT INTO `departments` VALUES (3,'営業職','営業職',NULL,'#ff7f2d','one','two','2024-12-19 10:08:06','2025-01-07 04:02:54'),(7,'企画デザイン','企画デザイン',NULL,'#ffcd00','one','two','2024-12-19 11:22:53','2025-01-07 03:58:49'),(10,'Webデザイン','Webデザイン',NULL,'#0090dd','one','two','2024-12-19 11:29:10','2025-01-07 03:59:10'),(11,'映像デザイン','映像デザイン',NULL,'#ff80c5','one','two','2024-12-19 11:29:32','2025-01-07 03:59:30');
/*!40000 ALTER TABLE `departments` ENABLE KEYS */;
UNLOCK TABLES;

--
-- Table structure for table `employees`
--

DROP TABLE IF EXISTS `employees`;
/*!40101 SET @saved_cs_client     = @@character_set_client */;
/*!50503 SET character_set_client = utf8mb4 */;
CREATE TABLE `employees` (
  `id` int NOT NULL AUTO_INCREMENT,
  `initials` varchar(255) NOT NULL,
  `office_location` varchar(255) NOT NULL,
  `round_img` varchar(255) NOT NULL,
  `entered_date` datetime NOT NULL,
  `departmentId` int DEFAULT NULL,
  `web_view_img` varchar(255) DEFAULT NULL,
  `mobile_view_img` varchar(255) DEFAULT NULL,
  `emp_carousel_img` varchar(255) DEFAULT NULL,
  `emp_carousel_hov_img` varchar(255) DEFAULT NULL,
  `emp_quote_img_one` varchar(255) DEFAULT NULL,
  `emp_quote_img_two` varchar(255) DEFAULT NULL,
  `designation` varchar(255) DEFAULT NULL,
  `message_img` varchar(255) DEFAULT NULL,
  `message_title` varchar(255) DEFAULT NULL,
  `message` varchar(255) DEFAULT NULL,
  `createdAt` datetime NOT NULL DEFAULT CURRENT_TIMESTAMP,
  `updatedAt` datetime NOT NULL DEFAULT CURRENT_TIMESTAMP,
  `slug` varchar(255) DEFAULT NULL,
  `subDepartment` varchar(255) NOT NULL,
  PRIMARY KEY (`id`),
  UNIQUE KEY `slug` (`slug`),
  KEY `departmentId` (`departmentId`),
  CONSTRAINT `employees_ibfk_1` FOREIGN KEY (`departmentId`) REFERENCES `departments` (`id`) ON UPDATE CASCADE
) ENGINE=InnoDB AUTO_INCREMENT=17 DEFAULT CHARSET=utf8mb4 COLLATE=utf8mb4_0900_ai_ci;
/*!40101 SET character_set_client = @saved_cs_client */;

--
-- Dumping data for table `employees`
--

LOCK TABLES `employees` WRITE;
/*!40000 ALTER TABLE `employees` DISABLE KEYS */;
INSERT INTO `employees` VALUES (5,'S.N.','本社営業部','resources/1735620014340-o8z0sdmc-Group_14724.png','2023-01-01 00:00:00',3,'resources/1737102891284-of679n5x-FV_01@2x.jpg','resources/1736047127838-jtwenjs8-1_again.png','resources/1735625212443-2vixg280-img_01@2x.png','resources/1735625254178-b7nh7kxi-img_01@2x.png','resources/1734685207813-v4xjdhu3-01.png','resources/1734685210931-t2kcqo9x-02.png','営業','resources/1735813323037-ph3uyx88-emplyee.png','就活生のあなたへメッセージ','これから沢山のことに挑戦したり、学びを得る機会があると思います。新しいことに積極的に取り組める環境は、自分の視野を広げる大きなチャンスです。ただ、様々な困難に遭遇することもあるかもしれません。そんな時は自分の興味や強みを最大限に活かせる場所を見つけてください。挑戦を恐れず、成長を楽しむ気持ちを持って、新たなステージに踏み出してみてください。これまでの経験が、みなさんのキャリアにとって貴重な一歩となることを願っています。','2024-12-19 10:17:35','2025-01-17 08:38:46','sales01','本社営業'),(6,'K.M.','本社制作部','resources/1735620001018-d3yef7zb-Group_15611.png','2019-01-01 00:00:00',7,'resources/1737102906976-ud2h5a45-FV_02@2x.jpg','resources/1734752934845-fh7pvhvd-img_01_mob.png','resources/1735625215195-ngyub22u-img_02@2x.png','resources/1735625256437-7n2sbuc2-img_02@2x.png','resources/1734684450292-550smcd9-01.png','resources/1734684454819-svvgkxsz-02.png','グラフィックデザイナー','resources/1734752931967-2o5tdhw7-img_06.png','就活生のあなたへメッセージ','GAは多岐にわたるクリエイティブを手掛けているため、新たなスキルや知識がどんどん身につき、確実に成長できる場所だと思います。また、部署や年齢に関わらず様々な社員の方々と接する機会があるため、デザインに関することだけではなく幅広く、沢山のことを経験・知識を吸収することができます。より良いものづくりを目指しながら、一緒に成長していきましょう。','2024-12-19 13:20:03','2025-01-17 08:38:08','graphic01','企画デザイングループ'),(7,'C.Y.','博多ソフトステーション','resources/1735620009456-mktujii7-1.png','2023-01-01 00:00:00',10,'resources/1737102910786-hifwc8ab-FV_03@2x.jpg','resources/1734754533010-b6ecna9a-img_01_mob.png','resources/1736760738595-c5pvp2lw-be_img_03@2x.png','resources/1736760671961-lsgouviw-af_img_03@2x.png','resources/1734684477077-661uj3hy-01.png','resources/1734684482476-xleufsts-02.png','Webデザイナー','resources/1734754529490-9c5yfqhn-img_06.png','就活生のあなたへメッセージ','就活は情報収集が一番大切だと思います。企業のWebサイトはその会社の顔と言えるものです。このサイトを含め、利用できるものは積極的に活用しましょう。例えば、OB・OG訪問をしたり、就職情報サイトを活用するのもいいですね。「自分がやりたいこと」が何かを振り返り、説明会にも積極的に参加して、自分に合う会社を見つけてください。新卒のチャンスを大切にして、自分が納得できる会社を選ぶことが大切です。気楽に臨んでください。応援しています！','2024-12-19 14:31:16','2025-01-17 08:37:36','web03','Webデザイングループ'),(8,'E.K.','関西市場開発部','resources/1735620016808-9ow595j3-Group_14741.png','2019-01-01 00:00:00',11,'resources/1737102914000-2iz4izqa-FV_04@2x.jpg','resources/1736047321589-0cv6ynms-4_mobb.png','resources/1735625222444-gxyd7ftz-img_04@2x.png','resources/1735625262017-d5q1rg1p-img_04@2x.png','resources/1734684496115-3zfc7wxv-01.png','resources/1734684500258-tq4vh1xy-02.png','映像ディレクター','resources/1734755056984-adyn1ken-img_06.png','就活生のあなたへメッセージ','就活は大変ですし、100%の努力をしても必ずしも理想の結果になるとは限りません。しかし諦めずに進めばきっといつか「自分のやりたいこと」にたどり着きます。私も元々志望していたカメラマンになれていませんが、映像ディレクターとして「やりたいこと」に関わることができています。\n今ある選択肢の中で、情熱を持って取り組めること、面白がれることを見つけて、それを「正解にしていく」努力ができればきっとどんな仕事でも楽しくなるはずです！気負わずありのまま勝負していってください！','2024-12-19 14:39:17','2025-01-17 08:37:01','movie01','映像デザイングループ'),(9,'Y.T.','関西市場開発部','resources/1735620005342-yhceypw4-Group_15607.png','2017-01-01 00:00:00',10,'resources/1737102917341-1bcxayd7-FV_05@2x.jpg','resources/1736047414721-6wbmj29s-5_mobb.png','resources/1735625225767-x4jr948t-img_05@2x.png','resources/1735625264674-t9g8592y-img_05@2x.png','resources/1734684510666-6c1hiehk-01.png','resources/1734684594020-5sw643i2-02.png','フロントエンドエンジニア','resources/1734756244010-cbpkc9ox-img_06.png','就活生のあなたへメッセージ','私も就活中、社会人になることに対して漠然とした不安を抱えていました。入社後も先輩社員の活躍を見て、「あんな立派に働く自分の姿が想像付かない」と更に不安が増したのを覚えています。\nしかし最初から完璧な人などいませんし、想像よりも社会は寛大です。先輩社員はみんな優しく支えてくれます。ペースは緩やかでも着実に成長していくものなので、みなさんも焦らず、身の丈よりちょっとだけ上の課題にどんどんチャレンジしてもらいたいなと思います。','2024-12-19 14:45:17','2025-01-17 08:36:21','web02',' Webデザイングループ'),(10,'H.N.','本社営業部','resources/1735620014340-o8z0sdmc-Group_14724.png','2021-01-01 00:00:00',3,'resources/1737102920458-mi0e5rn1-FV_06@2x.jpg','resources/1736047729346-sra8yuju-img_13.png','resources/1735625229563-vwij3s4s-img_06@2x.png','resources/1735625268488-aq762i91-img_06@2x.png','resources/1734684607069-3hfgd663-01.png','resources/1734684611115-hvgdf16b-02.png','営業','resources/1734757356693-zjr48l0o-img_06.png','就活生のあなたへメッセージ','学生時代は印刷会社と接する機会はあまり多くないかもしれません。私自身も、入社する前と後では印刷会社に対する印象が変わり、GAで対応できる機能のバリエーションの多さに驚きました。限りある学生生活の中で、自由に動ける今だからこそ、自分の目と足でいろんな会社に触れ合ってみてください！新しい発見に繋がり、将来の選択肢が広がっていくと思います。','2024-12-19 14:52:42','2025-01-17 08:35:43','sales02','本社営業'),(11,'Y.T.','東京市場開発部','resources/1735620011711-qumapvmo-2.png','2018-01-01 00:00:00',10,'resources/1737101962937-lhmqb6r2-FV_07@2x.jpg','resources/1736047559261-o5o45mn2-7_mobb.png','resources/1736760743974-sv5nryr0-be_img_07@2x.png','resources/1736760735538-l0s3v81k-af_img_07@2x.png','resources/1734684623336-62gy06ek-01.png','resources/1734684627494-xd25d8ev-02.png','Webディレクター','resources/1734757737598-ewg3tthq-img_06.png','就活生のあなたへメッセージ','どんな仕事に就くにしても、まずは「楽しそう」と感じることが大切かと思います。自分が興味を持ち、やりがいを感じられる仕事を見つけていただきたいです。\n初めて挑戦することばかりで、不安に感じることや困難に直面することもあるかもしれませんが、周囲のサポートを受けながら一歩一歩進んでもらえたらと思います。自分を信じて、前向きに挑戦し続けてください。応援しています 。','2024-12-19 14:58:01','2025-01-17 08:19:54','web01','Webデザイングループ');
/*!40000 ALTER TABLE `employees` ENABLE KEYS */;
UNLOCK TABLES;

--
-- Table structure for table `faqs`
--

DROP TABLE IF EXISTS `faqs`;
/*!40101 SET @saved_cs_client     = @@character_set_client */;
/*!50503 SET character_set_client = utf8mb4 */;
CREATE TABLE `faqs` (
  `id` int NOT NULL AUTO_INCREMENT,
  `question` varchar(255) NOT NULL,
  `answer` varchar(255) NOT NULL,
  `pathName` varchar(255) NOT NULL,
  `pathLink` varchar(255) NOT NULL,
  `header` varchar(255) NOT NULL,
  `createdAt` datetime NOT NULL DEFAULT CURRENT_TIMESTAMP,
  `updatedAt` datetime NOT NULL DEFAULT CURRENT_TIMESTAMP ON UPDATE CURRENT_TIMESTAMP,
  `position` int DEFAULT '0',
  PRIMARY KEY (`id`)
) ENGINE=InnoDB AUTO_INCREMENT=31 DEFAULT CHARSET=utf8mb4 COLLATE=utf8mb4_0900_ai_ci;
/*!40101 SET character_set_client = @saved_cs_client */;

--
-- Dumping data for table `faqs`
--

LOCK TABLES `faqs` WRITE;
/*!40000 ALTER TABLE `faqs` DISABLE KEYS */;
INSERT INTO `faqs` VALUES (18,'エントリー方法を教えてください。','エントリーは「マイナビ」から行っていただけます。メニュー右上にある「ENTRY」ボタンを押すと応募ページへ移動しますので、ぜひそちらからご応募ください。本サイトでは直接応募を受け付けておりませんので、ご了承ください。','募集要項について詳しくはこちら　','/recruitment','header1','2025-01-24 07:50:17','2025-01-24 07:53:09',0),(19,'選考から入社までの流れを教えてください。','選考は、エントリー▶︎会社説明会▶︎エントリーシート提出、適性検査▶︎1次面接（グループ）▶︎2次面接（個別）▶︎最終選考（グループ）▶︎内定、となります。入社までに懇親会や説明会が行われます。\n※採用プロセスやフローは、年度により変更の可能性があります。','募集要項について詳しくはこちら','/recruitment','header1','2025-01-24 07:51:27','2025-01-24 07:53:26',0),(20,'芸術・情報系の学部ではないのですが、 企画デザイン、Webデザイン、映像デザイン職の選考に影響はありますか？','いいえ、選考に影響はありません。芸術・情報系の学部や専門学校出身でない社員も多数働いています。未経験の場合でも、入社後の研修で業務に必要な知識はしっかり学ぶことができます。企画やものづくりが好きな方、またものづくりに熱い思いのある方はぜひご応募ください。c\n※ただし、上記のクリエイティブ職希望の場合は、面接時にポートフォリオや制作物の持参をお願いしています。趣味で作ったものでも構いませんので、ぜひお持ちください。','募集要項について詳しくはこちら','/recruitment','header1','2025-01-24 07:52:18','2025-01-24 07:53:40',0),(21,'面接は本当に私服で大丈夫なのでしょうか？','ぜひ、私服でお越しください。もちろんスーツでも構いませんが、面接では普段の自然な状態でお話しいただきたいと思っていますので、いつものリラックスした服装で来ていただけると嬉しいです。また、スーツを着ていても選考結果に影響はありませんので、ご安心ください。','募集要項について詳しくはこちら','/recruitment','header1','2025-01-24 07:54:20','2025-01-24 07:54:20',0),(22,'応募資格に年齢制限はありますか？既卒ですが応募可能でしょうか？','既卒でも応募可能です。現在、第二新卒まで募集しています。','募集要項について詳しくはこちら','/recruitment','header1','2025-01-24 07:54:54','2025-01-24 07:54:54',0),(23,'遠方に住んでいます。選考場所について教えてください。','適性試験、1次面接はオンラインで実施し、二次面接は、福岡・大阪・東京のいずれか最寄りの事業所、最終面接は福岡本社のみで行います。最終面接を受ける遠隔地の方は、規定に準じて交通費を支給します。','募集要項について詳しくはこちら','/recruitment','header1','2025-01-24 07:55:28','2025-01-24 07:55:28',0),(25,'制作会社は忙しそうなイメージですが、仕事とプライベートの両立はできますか？','部署や業務内容によって差はありますが、メリハリのある働き方をして仕事とプライベートを両立している社員が多い印象です。繁忙期などでどうしても残業する時期もありますが、その代わり仕事量の少ない日は早めに帰るなど、調整することもできます。また育児休暇や時短制度を活用し、子育てしながら活躍しているお父さん・お母さん社員も多数在籍しています。','データで見るGAについて詳しくはこちら','/data','header2','2025-01-24 07:56:11','2025-01-24 07:56:11',0),(26,'人材育成はどのように行なっていますか？','入社1年目は、仕事に必要な基礎知識やビジネススキルを学んだり、社内業務について理解を深めるために「他部門研修」を行っています。新人研修期間中は先輩社員がサポートとして付き添い、分からないことがあっても相談しやすい環境を整えていますので、どうぞご安心ください。また、部署単位でも定期的に勉強会や研修を行い、仕事に関する最新の知識や事例を学ぶことができます。','研修制度について詳しくはこちら','/environment/#anc02','header2','2025-01-24 07:56:59','2025-01-24 07:56:59',0),(27,'初任時、希望勤務地に配属してもらえますか？','はい、原則採用時に希望した地域での勤務となります。ただし入社後約1年間は本社のある福岡で研修を受け、その後希望勤務地へ配属となります。東京・関西といった遠隔地採用の方は、研修期間中、追加の家賃補助が出ます。また希望すれば借り上げ社宅に入ることもできます。また年に一度、部署異動の希望を出す機会があるため、希望が通れば別の地域で勤務することも可能です。','働く環境について詳しくはこちら','/environment','header2','2025-01-24 07:57:36','2025-01-24 07:57:36',0),(28,'若手でも自由に意見が言える環境ですか？','はい。部署や年齢、性別の垣根を超えて意見を言いやすい環境です。またやりたいことや挑戦したいことがあれば、若手の意見であってもきちんと話を聞いてもらえます。GA通信でも若手の声を発信しているので、ぜひこちらもご覧ください。','若手配信中！GA通信について詳しくはこちら（準備中）','#','header3','2025-01-24 07:58:14','2025-01-24 07:58:14',0),(29,'どんな社員が多いですか？','お客様の課題解決のために全力を尽くす社員が多いです。仕事に対して一生懸命な人が多いためか、個性豊かなメンバーが揃っています。','働き方インタビューについて詳しくはこちら','/interview','header3','2025-01-24 07:58:46','2025-01-24 07:58:46',0);
/*!40000 ALTER TABLE `faqs` ENABLE KEYS */;
UNLOCK TABLES;

--
-- Table structure for table `media`
--

DROP TABLE IF EXISTS `media`;
/*!40101 SET @saved_cs_client     = @@character_set_client */;
/*!50503 SET character_set_client = utf8mb4 */;
CREATE TABLE `media` (
  `id` int NOT NULL AUTO_INCREMENT,
  `name` varchar(255) DEFAULT NULL,
  `path` varchar(255) DEFAULT NULL,
  `caption` varchar(255) DEFAULT NULL,
  `description` varchar(255) DEFAULT NULL,
  `sizeInBytes` varchar(10) DEFAULT NULL,
  `mimeType` varchar(255) DEFAULT NULL,
  `mediaCategoryId` int DEFAULT NULL,
  `createdBy` int DEFAULT NULL,
  `updatedBy` int DEFAULT NULL,
  `isDeleted` varchar(255) DEFAULT '0',
  `createdAt` datetime NOT NULL,
  `updatedAt` datetime NOT NULL,
  `height` int DEFAULT NULL,
  `width` int DEFAULT NULL,
  PRIMARY KEY (`id`),
  KEY `mediaCategoryId` (`mediaCategoryId`),
  KEY `createdBy` (`createdBy`),
  KEY `updatedBy` (`updatedBy`),
  CONSTRAINT `media_ibfk_1` FOREIGN KEY (`mediaCategoryId`) REFERENCES `media_categories` (`id`),
  CONSTRAINT `media_ibfk_2` FOREIGN KEY (`createdBy`) REFERENCES `users` (`id`),
  CONSTRAINT `media_ibfk_3` FOREIGN KEY (`updatedBy`) REFERENCES `users` (`id`)
) ENGINE=InnoDB AUTO_INCREMENT=448 DEFAULT CHARSET=utf8mb4 COLLATE=utf8mb4_0900_ai_ci;
/*!40101 SET character_set_client = @saved_cs_client */;

--
-- Dumping data for table `media`
--

LOCK TABLES `media` WRITE;
/*!40000 ALTER TABLE `media` DISABLE KEYS */;
INSERT INTO `media` VALUES (5,'1734602596655-oo1uk7ja-01_banner.png-2024-12-19t10-03-16-667z.png','resources/1734602596655-oo1uk7ja-01_banner.png',NULL,NULL,'713785','image/png',2,1,NULL,'0','2024-12-19 10:03:16','2024-12-19 10:03:16',NULL,NULL),(10,'1734602636929-taq62mzc-img_05.png-2024-12-19t10-03-56-947z.png','resources/1734602636929-taq62mzc-img_05.png',NULL,NULL,'259962','image/png',2,1,NULL,'0','2024-12-19 10:03:56','2024-12-19 10:03:56',NULL,NULL),(13,'1734602663003-0iolbtp0-group14732.png-2024-12-19t10-04-23-008z.png','resources/1734602663003-0iolbtp0-Group 14732.png',NULL,NULL,'25014','image/png',3,1,NULL,'0','2024-12-19 10:04:23','2024-12-19 10:04:23',NULL,NULL),(15,'1734602766049-djzxir6t-group14725.png-2024-12-19t10-06-06-052z.png','resources/1734602766049-djzxir6t-Group 14725.png',NULL,NULL,'15004','image/png',3,1,NULL,'0','2024-12-19 10:06:06','2024-12-19 10:06:06',NULL,NULL),(33,'1734608539388-ekdxv65e-maskgroup8812.png-2024-12-19t11-42-19-392z.png','resources/1734608539388-ekdxv65e-Mask Group 8812.png',NULL,NULL,'116623','image/png',4,1,NULL,'0','2024-12-19 11:42:19','2024-12-19 11:42:19',NULL,NULL),(90,'1734619783279-kiqhy2jk-02.png-2024-12-19t14-49-43-283z.png','resources/1734619783279-kiqhy2jk-02.png',NULL,NULL,'7580','image/png',6,1,NULL,'0','2024-12-19 14:49:43','2024-12-19 14:49:43',NULL,NULL),(109,'1734620114726-n0d6eiji-img_05.png-2024-12-19t14-55-14-732z.png','resources/1734620114726-n0d6eiji-img_05.png',NULL,NULL,'295115','image/png',2,1,NULL,'0','2024-12-19 14:55:14','2024-12-19 14:55:14',NULL,NULL),(110,'1734620116420-gmsppjty-img_06.png-2024-12-19t14-55-16-423z.png','resources/1734620116420-gmsppjty-img_06.png',NULL,NULL,'73932','image/png',2,1,NULL,'0','2024-12-19 14:55:16','2024-12-19 14:55:16',NULL,NULL),(123,'1734624613042-9cfl1imv-chart.png-2024-12-19t16-10-13-045z.png','resources/1734624613042-9cfl1imv-chart.png',NULL,NULL,'8229','image/png',3,1,NULL,'0','2024-12-19 16:10:13','2024-12-19 16:10:13',NULL,NULL),(124,'1734624615433-qipphkd9-group14786.png-2024-12-19t16-10-15-435z.png','resources/1734624615433-qipphkd9-Group 14786.png',NULL,NULL,'15407','image/png',3,1,NULL,'0','2024-12-19 16:10:15','2024-12-19 16:10:15',NULL,NULL),(125,'1734624617528-xjq16c57-maskgroup8884.png-2024-12-19t16-10-17-531z.png','resources/1734624617528-xjq16c57-Mask Group 8884.png',NULL,NULL,'15135','image/png',3,1,NULL,'0','2024-12-19 16:10:17','2024-12-19 16:10:17',NULL,NULL),(126,'1734624622602-rhhx39en-group12519.png-2024-12-19t16-10-22-605z.png','resources/1734624622602-rhhx39en-Group 12519.png',NULL,NULL,'15545','image/png',3,1,NULL,'0','2024-12-19 16:10:22','2024-12-19 16:10:22',NULL,NULL),(127,'1734624625827-46yzx1o9-group12854.png-2024-12-19t16-10-25-829z.png','resources/1734624625827-46yzx1o9-Group 12854.png',NULL,NULL,'17177','image/png',3,1,NULL,'0','2024-12-19 16:10:25','2024-12-19 16:10:25',NULL,NULL),(128,'1734624628743-jd4cgw33-group14058.png-2024-12-19t16-10-28-746z.png','resources/1734624628743-jd4cgw33-Group 14058.png',NULL,NULL,'10869','image/png',3,1,NULL,'0','2024-12-19 16:10:28','2024-12-19 16:10:28',NULL,NULL),(130,'1734624640970-9wotqo5k-group14786.png-2024-12-19t16-10-40-973z.png','resources/1734624640970-9wotqo5k-Group 14786.png',NULL,NULL,'15419','image/png',3,1,NULL,'0','2024-12-19 16:10:40','2024-12-19 16:10:40',NULL,NULL),(131,'1734624643469-9qr3wr51-group14787.png-2024-12-19t16-10-43-472z.png','resources/1734624643469-9qr3wr51-Group 14787.png',NULL,NULL,'18808','image/png',3,1,NULL,'0','2024-12-19 16:10:43','2024-12-19 16:10:43',NULL,NULL),(132,'1734624651305-x1d9il54-group12649.png-2024-12-19t16-10-51-307z.png','resources/1734624651305-x1d9il54-Group 12649.png',NULL,NULL,'9996','image/png',3,1,NULL,'0','2024-12-19 16:10:51','2024-12-19 16:10:51',NULL,NULL),(133,'1734624653525-ur6aa2wh-group14731.png-2024-12-19t16-10-53-527z.png','resources/1734624653525-ur6aa2wh-Group 14731.png',NULL,NULL,'19518','image/png',3,1,NULL,'0','2024-12-19 16:10:53','2024-12-19 16:10:53',NULL,NULL),(134,'1734624656992-xgwqto9h-group14732.png-2024-12-19t16-10-56-995z.png','resources/1734624656992-xgwqto9h-Group 14732.png',NULL,NULL,'9178','image/png',3,1,NULL,'0','2024-12-19 16:10:56','2024-12-19 16:10:56',NULL,NULL),(162,'1734674601288-e3mfrcys-mask_group_8804.png-2024-12-20t06-03-21-295z.png','resources/1734674601288-e3mfrcys-Mask_Group_8804.png',NULL,NULL,'310991','image/png',4,1,NULL,'0','2024-12-20 06:03:21','2024-12-20 06:03:21',NULL,NULL),(167,'1734684450292-550smcd9-01.png-2024-12-20t08-47-30-297z.png','resources/1734684450292-550smcd9-01.png',NULL,NULL,'13235','image/png',6,1,NULL,'0','2024-12-20 08:47:30','2024-12-20 08:47:30',NULL,NULL),(168,'1734684454819-svvgkxsz-02.png-2024-12-20t08-47-34-822z.png','resources/1734684454819-svvgkxsz-02.png',NULL,NULL,'15117','image/png',6,1,NULL,'0','2024-12-20 08:47:34','2024-12-20 08:47:34',NULL,NULL),(169,'1734684477077-661uj3hy-01.png-2024-12-20t08-47-57-080z.png','resources/1734684477077-661uj3hy-01.png',NULL,NULL,'19093','image/png',6,1,NULL,'0','2024-12-20 08:47:57','2024-12-20 08:47:57',NULL,NULL),(170,'1734684482476-xleufsts-02.png-2024-12-20t08-48-02-480z.png','resources/1734684482476-xleufsts-02.png',NULL,NULL,'32697','image/png',6,1,NULL,'0','2024-12-20 08:48:02','2024-12-20 08:48:02',NULL,NULL),(171,'1734684496115-3zfc7wxv-01.png-2024-12-20t08-48-16-118z.png','resources/1734684496115-3zfc7wxv-01.png',NULL,NULL,'9775','image/png',6,1,NULL,'0','2024-12-20 08:48:16','2024-12-20 08:48:16',NULL,NULL),(172,'1734684500258-tq4vh1xy-02.png-2024-12-20t08-48-20-262z.png','resources/1734684500258-tq4vh1xy-02.png',NULL,NULL,'9808','image/png',6,1,NULL,'0','2024-12-20 08:48:20','2024-12-20 08:48:20',NULL,NULL),(173,'1734684510666-6c1hiehk-01.png-2024-12-20t08-48-30-670z.png','resources/1734684510666-6c1hiehk-01.png',NULL,NULL,'18036','image/png',6,1,NULL,'0','2024-12-20 08:48:30','2024-12-20 08:48:30',NULL,NULL),(174,'1734684594020-5sw643i2-02.png-2024-12-20t08-49-54-026z.png','resources/1734684594020-5sw643i2-02.png',NULL,NULL,'13111','image/png',6,1,NULL,'0','2024-12-20 08:49:54','2024-12-20 08:49:54',NULL,NULL),(175,'1734684607069-3hfgd663-01.png-2024-12-20t08-50-07-072z.png','resources/1734684607069-3hfgd663-01.png',NULL,NULL,'9771','image/png',6,1,NULL,'0','2024-12-20 08:50:07','2024-12-20 08:50:07',NULL,NULL),(176,'1734684611115-hvgdf16b-02.png-2024-12-20t08-50-11-118z.png','resources/1734684611115-hvgdf16b-02.png',NULL,NULL,'18011','image/png',6,1,NULL,'0','2024-12-20 08:50:11','2024-12-20 08:50:11',NULL,NULL),(177,'1734684623336-62gy06ek-01.png-2024-12-20t08-50-23-346z.png','resources/1734684623336-62gy06ek-01.png',NULL,NULL,'34609','image/png',6,1,NULL,'0','2024-12-20 08:50:23','2024-12-20 08:50:23',NULL,NULL),(178,'1734684627494-xd25d8ev-02.png-2024-12-20t08-50-27-498z.png','resources/1734684627494-xd25d8ev-02.png',NULL,NULL,'38672','image/png',6,1,NULL,'0','2024-12-20 08:50:27','2024-12-20 08:50:27',NULL,NULL),(179,'1734685207813-v4xjdhu3-01.png-2024-12-20t09-00-07-824z.png','resources/1734685207813-v4xjdhu3-01.png',NULL,NULL,'34063','image/png',6,1,NULL,'0','2024-12-20 09:00:07','2024-12-20 09:00:07',NULL,NULL),(180,'1734685210931-t2kcqo9x-02.png-2024-12-20t09-00-10-934z.png','resources/1734685210931-t2kcqo9x-02.png',NULL,NULL,'25954','image/png',6,1,NULL,'0','2024-12-20 09:00:10','2024-12-20 09:00:10',NULL,NULL),(195,'1734752931967-2o5tdhw7-img_06.png-2024-12-21t03-48-51-972z.png','resources/1734752931967-2o5tdhw7-img_06.png',NULL,NULL,'462184','image/png',2,1,NULL,'0','2024-12-21 03:48:51','2024-12-21 03:48:51',NULL,NULL),(196,'1734752934845-fh7pvhvd-img_01_mob.png-2024-12-21t03-48-54-868z.png','resources/1734752934845-fh7pvhvd-img_01_mob.png',NULL,NULL,'3397524','image/png',2,1,NULL,'0','2024-12-21 03:48:54','2024-12-21 03:48:54',NULL,NULL),(203,'1734754529490-9c5yfqhn-img_06.png-2024-12-21t04-15-29-494z.png','resources/1734754529490-9c5yfqhn-img_06.png',NULL,NULL,'316313','image/png',2,1,NULL,'0','2024-12-21 04:15:29','2024-12-21 04:15:29',NULL,NULL),(204,'1734754533010-b6ecna9a-img_01_mob.png-2024-12-21t04-15-33-032z.png','resources/1734754533010-b6ecna9a-img_01_mob.png',NULL,NULL,'3243527','image/png',2,1,NULL,'0','2024-12-21 04:15:33','2024-12-21 04:15:33',NULL,NULL),(211,'1734755056984-adyn1ken-img_06.png-2024-12-21t04-24-16-990z.png','resources/1734755056984-adyn1ken-img_06.png',NULL,NULL,'405740','image/png',2,1,NULL,'0','2024-12-21 04:24:16','2024-12-21 04:24:16',NULL,NULL),(218,'1734756244010-cbpkc9ox-img_06.png-2024-12-21t04-44-04-015z.png','resources/1734756244010-cbpkc9ox-img_06.png',NULL,NULL,'346991','image/png',2,1,NULL,'0','2024-12-21 04:44:04','2024-12-21 04:44:04',NULL,NULL),(227,'1734757356693-zjr48l0o-img_06.png-2024-12-21t05-02-36-697z.png','resources/1734757356693-zjr48l0o-img_06.png',NULL,NULL,'342247','image/png',2,1,NULL,'0','2024-12-21 05:02:36','2024-12-21 05:02:36',NULL,NULL),(232,'1734757721558-ggfz57vj-img_03.png-2024-12-21t05-08-41-568z.png','resources/1734757721558-ggfz57vj-img_03.png',NULL,NULL,'712321','image/png',2,1,NULL,'0','2024-12-21 05:08:41','2024-12-21 05:08:41',NULL,NULL),(235,'1734757737598-ewg3tthq-img_06.png-2024-12-21t05-08-57-605z.png','resources/1734757737598-ewg3tthq-img_06.png',NULL,NULL,'256449','image/png',2,1,NULL,'0','2024-12-21 05:08:57','2024-12-21 05:08:57',NULL,NULL),(237,'1734760161760-tfb8s9m3-240724_gaweb_recruit_3562.png-2024-12-21t05-49-21-805z.png','resources/1734760161760-tfb8s9m3-240724_GAweb_recruit_3562.png',NULL,NULL,'5087335','image/png',2,1,NULL,'0','2024-12-21 05:49:21','2024-12-21 05:49:21',NULL,NULL),(248,'Prathapa','resources/1734939454268-l12xnofs-avt.jpg',NULL,NULL,'95836','image/jpeg',10,1,1,'0','2024-12-23 07:37:34','2024-12-26 07:42:28',NULL,NULL),(249,'1734948758354-dm1hdp0p-logo.svg-2024-12-23t10-12-38-364z.svg','resources/1734948758354-dm1hdp0p-logo.svg',NULL,NULL,'5408','image/svg+xml',11,1,NULL,'0','2024-12-23 10:12:38','2024-12-23 10:12:38',NULL,NULL),(274,'1735568110929-vb6oiuyf-20230910_34064.png-2024-12-30t14-15-10-947z.png','resources/1735568110929-vb6oiuyf-20230910_34064.png',NULL,NULL,'2190838','image/png',2,1,NULL,'0','2024-12-30 14:15:10','2024-12-30 14:15:10',NULL,NULL),(275,'1735568114844-li0o888v-20230910_34143.png-2024-12-30t14-15-14-854z.png','resources/1735568114844-li0o888v-20230910_34143.png',NULL,NULL,'1545770','image/png',2,1,NULL,'0','2024-12-30 14:15:14','2024-12-30 14:15:14',NULL,NULL),(276,'1735568118027-lb2o7un5-20230910_34157.png-2024-12-30t14-15-18-034z.png','resources/1735568118027-lb2o7un5-20230910_34157.png',NULL,NULL,'1048873','image/png',2,1,NULL,'0','2024-12-30 14:15:18','2024-12-30 14:15:18',NULL,NULL),(282,'1735568159154-a51f3q0z-20240808_33584.png-2024-12-30t14-15-59-168z.png','resources/1735568159154-a51f3q0z-20240808_33584.png',NULL,NULL,'1281755','image/png',2,1,NULL,'0','2024-12-30 14:15:59','2024-12-30 14:15:59',NULL,NULL),(291,'1735575118826-5pz4qa9s-20230910_34251.png-2024-12-30t16-11-58-836z.png','resources/1735575118826-5pz4qa9s-20230910_34251.png',NULL,NULL,'1543125','image/png',2,1,NULL,'0','2024-12-30 16:11:58','2024-12-30 16:11:58',NULL,NULL),(293,'1735575442419-lftovigi-20240808_33624.png-2024-12-30t16-17-22-435z.png','resources/1735575442419-lftovigi-20240808_33624.png',NULL,NULL,'1590366','image/png',2,1,NULL,'0','2024-12-30 16:17:22','2024-12-30 16:17:22',NULL,NULL),(294,'1735575444718-1l8fpmr0-20240808_33559.png-2024-12-30t16-17-24-733z.png','resources/1735575444718-1l8fpmr0-20240808_33559.png',NULL,NULL,'1450649','image/png',2,1,NULL,'0','2024-12-30 16:17:24','2024-12-30 16:17:24',NULL,NULL),(295,'1735575447892-o31a0iv6-20240808_33628.png-2024-12-30t16-17-27-899z.png','resources/1735575447892-o31a0iv6-20240808_33628.png',NULL,NULL,'1041554','image/png',2,1,NULL,'0','2024-12-30 16:17:27','2024-12-30 16:17:27',NULL,NULL),(296,'1735575451863-y8raf7tp-20240808_33681.png-2024-12-30t16-17-31-896z.png','resources/1735575451863-y8raf7tp-20240808_33681.png',NULL,NULL,'4232302','image/png',2,1,NULL,'0','2024-12-30 16:17:31','2024-12-30 16:17:31',NULL,NULL),(310,'1735579156499-ussafmpl-new_img_3_3.png-2024-12-30t17-19-16-507z.png','resources/1735579156499-ussafmpl-new_img_3_3.png',NULL,NULL,'1023129','image/png',2,1,NULL,'0','2024-12-30 17:19:16','2024-12-30 17:19:16',NULL,NULL),(311,'1735579162217-2o7p0phn-new_img_5_4.png-2024-12-30t17-19-22-302z.png','resources/1735579162217-2o7p0phn-new_img_5_4.png',NULL,NULL,'10263712','image/png',2,1,NULL,'0','2024-12-30 17:19:22','2024-12-30 17:19:22',NULL,NULL),(312,'1735579286942-qjx8lala-20240808_33225.png-2024-12-30t17-21-26-960z.png','resources/1735579286942-qjx8lala-20240808_33225.png',NULL,NULL,'2981982','image/png',2,1,NULL,'0','2024-12-30 17:21:26','2024-12-30 17:21:26',NULL,NULL),(313,'1735579570773-btfi26qj-240806_gaweb_recruit_3906_kitaura.png-2024-12-30t17-26-10-784z.png','resources/1735579570773-btfi26qj-240806_GAweb_recruit_3906_kitaura.png',NULL,NULL,'1191527','image/png',2,1,NULL,'0','2024-12-30 17:26:10','2024-12-30 17:26:10',NULL,NULL),(314,'1735579572947-6rw6l7fb-240806_gaweb_recruit_3984_kitaura.png-2024-12-30t17-26-12-956z.png','resources/1735579572947-6rw6l7fb-240806_GAweb_recruit_3984_kitaura.png',NULL,NULL,'1141417','image/png',2,1,NULL,'0','2024-12-30 17:26:12','2024-12-30 17:26:12',NULL,NULL),(315,'1735579575997-8rgt2isj-o.png-2024-12-30t17-26-16-005z.png','resources/1735579575997-8rgt2isj-o.png',NULL,NULL,'900896','image/png',2,1,NULL,'0','2024-12-30 17:26:16','2024-12-30 17:26:16',NULL,NULL),(316,'1735579579098-1mvp9sk9-240806_gaweb_recruit_3930_kitaura.png-2024-12-30t17-26-19-118z.png','resources/1735579579098-1mvp9sk9-240806_GAweb_recruit_3930_kitaura.png',NULL,NULL,'3153334','image/png',2,1,NULL,'0','2024-12-30 17:26:19','2024-12-30 17:26:19',NULL,NULL),(317,'1735579581144-ueib25pc-240806_gaweb_recruit_4040_kitaura.png-2024-12-30t17-26-21-156z.png','resources/1735579581144-ueib25pc-240806_GAweb_recruit_4040_kitaura.png',NULL,NULL,'1301010','image/png',2,1,NULL,'0','2024-12-30 17:26:21','2024-12-30 17:26:21',NULL,NULL),(318,'1735579821822-mkhaikxh-new_5_img_1.png-2024-12-30t17-30-21-832z.png','resources/1735579821822-mkhaikxh-new_5_img_1.png',NULL,NULL,'1256804','image/png',2,1,NULL,'0','2024-12-30 17:30:21','2024-12-30 17:30:21',NULL,NULL),(319,'1735579823993-3x02s8wd-new_img_5_2.png-2024-12-30t17-30-24-009z.png','resources/1735579823993-3x02s8wd-new_img_5_2.png',NULL,NULL,'1030014','image/png',2,1,NULL,'0','2024-12-30 17:30:24','2024-12-30 17:30:24',NULL,NULL),(320,'1735579826460-idjl1iqn-new_img_5_3.png-2024-12-30t17-30-26-469z.png','resources/1735579826460-idjl1iqn-new_img_5_3.png',NULL,NULL,'818401','image/png',2,1,NULL,'0','2024-12-30 17:30:26','2024-12-30 17:30:26',NULL,NULL),(321,'1735579829848-5xp2b0f3-f.png-2024-12-30t17-30-29-876z.png','resources/1735579829848-5xp2b0f3-f.png',NULL,NULL,'4067666','image/png',2,1,NULL,'0','2024-12-30 17:30:29','2024-12-30 17:30:29',NULL,NULL),(322,'1735579831968-q7t8t8ik-new_img_5_5.png-2024-12-30t17-30-31-974z.png','resources/1735579831968-q7t8t8ik-new_img_5_5.png',NULL,NULL,'804791','image/png',2,1,NULL,'0','2024-12-30 17:30:31','2024-12-30 17:30:31',NULL,NULL),(323,'1735580118312-uyd4raof-20230910_34214.png-2024-12-30t17-35-18-325z.png','resources/1735580118312-uyd4raof-20230910_34214.png',NULL,NULL,'1569257','image/png',2,1,NULL,'0','2024-12-30 17:35:18','2024-12-30 17:35:18',NULL,NULL),(324,'1735580119670-u7tr1ly5-20230910_34189.png-2024-12-30t17-35-19-674z.png','resources/1735580119670-u7tr1ly5-20230910_34189.png',NULL,NULL,'835758','image/png',2,1,NULL,'0','2024-12-30 17:35:19','2024-12-30 17:35:19',NULL,NULL),(325,'1735580121994-4txuoo54-20230910_34200.png-2024-12-30t17-35-22-002z.png','resources/1735580121994-4txuoo54-20230910_34200.png',NULL,NULL,'915248','image/png',2,1,NULL,'0','2024-12-30 17:35:22','2024-12-30 17:35:22',NULL,NULL),(326,'1735580127551-6lh4w96m-20230910_34114.png-2024-12-30t17-35-27-579z.png','resources/1735580127551-6lh4w96m-20230910_34114.png',NULL,NULL,'3873452','image/png',2,1,NULL,'0','2024-12-30 17:35:27','2024-12-30 17:35:27',NULL,NULL),(327,'1735580127826-nshlvtga-20230910_34033.png-2024-12-30t17-35-27-837z.png','resources/1735580127826-nshlvtga-20230910_34033.png',NULL,NULL,'1981995','image/png',2,1,NULL,'0','2024-12-30 17:35:27','2024-12-30 17:35:27',NULL,NULL),(328,'1735580377749-ejosv720-_mg_7643.png-2024-12-30t17-39-37-758z.png','resources/1735580377749-ejosv720-_MG_7643.png',NULL,NULL,'952985','image/png',2,1,NULL,'0','2024-12-30 17:39:37','2024-12-30 17:39:37',NULL,NULL),(329,'1735580382235-229v4agd-d.png-2024-12-30t17-39-42-242z.png','resources/1735580382235-229v4agd-d.png',NULL,NULL,'1265772','image/png',2,1,NULL,'0','2024-12-30 17:39:42','2024-12-30 17:39:42',NULL,NULL),(331,'1735580396876-fy64obvt-_mg_7617.png-2024-12-30t17-39-56-883z.png','resources/1735580396876-fy64obvt-_MG_7617.png',NULL,NULL,'1138478','image/png',2,1,NULL,'0','2024-12-30 17:39:56','2024-12-30 17:39:56',NULL,NULL),(332,'picture1','resources/1735580398194-xkzl15y9-c.png',NULL,NULL,'859719','image/png',2,1,1,'0','2024-12-30 17:39:58','2025-01-09 10:11:03',NULL,NULL),(333,'1735620001018-d3yef7zb-group_15611.png-2024-12-31t04-40-01-022z.png','resources/1735620001018-d3yef7zb-Group_15611.png',NULL,NULL,'50801','image/png',3,1,NULL,'0','2024-12-31 04:40:01','2024-12-31 04:40:01',NULL,NULL),(334,'1735620005342-yhceypw4-group_15607.png-2024-12-31t04-40-05-346z.png','resources/1735620005342-yhceypw4-Group_15607.png',NULL,NULL,'72511','image/png',3,1,NULL,'0','2024-12-31 04:40:05','2024-12-31 04:40:05',NULL,NULL),(335,'1735620009456-mktujii7-1.png-2024-12-31t04-40-09-459z.png','resources/1735620009456-mktujii7-1.png',NULL,NULL,'46325','image/png',3,1,NULL,'0','2024-12-31 04:40:09','2024-12-31 04:40:09',NULL,NULL),(336,'1735620011711-qumapvmo-2.png-2024-12-31t04-40-11-714z.png','resources/1735620011711-qumapvmo-2.png',NULL,NULL,'67324','image/png',3,1,NULL,'0','2024-12-31 04:40:11','2024-12-31 04:40:11',NULL,NULL),(337,'1735620014340-o8z0sdmc-group_14724.png-2024-12-31t04-40-14-342z.png','resources/1735620014340-o8z0sdmc-Group_14724.png',NULL,NULL,'47089','image/png',3,1,NULL,'0','2024-12-31 04:40:14','2024-12-31 04:40:14',NULL,NULL),(338,'1735620016808-9ow595j3-group_14741.png-2024-12-31t04-40-16-811z.png','resources/1735620016808-9ow595j3-Group_14741.png',NULL,NULL,'47866','image/png',3,1,NULL,'0','2024-12-31 04:40:16','2024-12-31 04:40:16',NULL,NULL),(358,'1735625212443-2vixg280-img_01@2x.png-2024-12-31t06-06-52-452z.png','resources/1735625212443-2vixg280-img_01@2x.png',NULL,NULL,'432178','image/png',4,1,NULL,'0','2024-12-31 06:06:52','2024-12-31 06:06:52',NULL,NULL),(359,'1735625215195-ngyub22u-img_02@2x.png-2024-12-31t06-06-55-202z.png','resources/1735625215195-ngyub22u-img_02@2x.png',NULL,NULL,'402296','image/png',4,1,NULL,'0','2024-12-31 06:06:55','2024-12-31 06:06:55',NULL,NULL),(361,'1735625222444-gxyd7ftz-img_04@2x.png-2024-12-31t06-07-02-449z.png','resources/1735625222444-gxyd7ftz-img_04@2x.png',NULL,NULL,'407620','image/png',4,1,NULL,'0','2024-12-31 06:07:02','2024-12-31 06:07:02',NULL,NULL),(362,'1735625225767-x4jr948t-img_05@2x.png-2024-12-31t06-07-05-771z.png','resources/1735625225767-x4jr948t-img_05@2x.png',NULL,NULL,'290913','image/png',4,1,NULL,'0','2024-12-31 06:07:05','2024-12-31 06:07:05',NULL,NULL),(363,'1735625229563-vwij3s4s-img_06@2x.png-2024-12-31t06-07-09-571z.png','resources/1735625229563-vwij3s4s-img_06@2x.png',NULL,NULL,'393100','image/png',4,1,NULL,'0','2024-12-31 06:07:09','2024-12-31 06:07:09',NULL,NULL),(365,'1735625254178-b7nh7kxi-img_01@2x.png-2024-12-31t06-07-34-185z.png','resources/1735625254178-b7nh7kxi-img_01@2x.png',NULL,NULL,'479264','image/png',4,1,NULL,'0','2024-12-31 06:07:34','2024-12-31 06:07:34',NULL,NULL),(366,'1735625256437-7n2sbuc2-img_02@2x.png-2024-12-31t06-07-36-443z.png','resources/1735625256437-7n2sbuc2-img_02@2x.png',NULL,NULL,'433739','image/png',4,1,NULL,'0','2024-12-31 06:07:36','2024-12-31 06:07:36',NULL,NULL),(368,'1735625262017-d5q1rg1p-img_04@2x.png-2024-12-31t06-07-42-022z.png','resources/1735625262017-d5q1rg1p-img_04@2x.png',NULL,NULL,'433600','image/png',4,1,NULL,'0','2024-12-31 06:07:42','2024-12-31 06:07:42',NULL,NULL),(369,'1735625264674-t9g8592y-img_05@2x.png-2024-12-31t06-07-44-678z.png','resources/1735625264674-t9g8592y-img_05@2x.png',NULL,NULL,'355306','image/png',4,1,NULL,'0','2024-12-31 06:07:44','2024-12-31 06:07:44',NULL,NULL),(370,'1735625268488-aq762i91-img_06@2x.png-2024-12-31t06-07-48-494z.png','resources/1735625268488-aq762i91-img_06@2x.png',NULL,NULL,'397326','image/png',4,1,NULL,'0','2024-12-31 06:07:48','2024-12-31 06:07:48',NULL,NULL),(390,'1735813323037-ph3uyx88-emplyee.png-2025-01-02t10-22-03-046z.png','resources/1735813323037-ph3uyx88-emplyee.png',NULL,NULL,'99194','image/png',2,1,NULL,'0','2025-01-02 10:22:03','2025-01-02 10:22:03',NULL,NULL),(407,'1736047127838-jtwenjs8-1_again.png-2025-01-05t03-18-47-852z.png','resources/1736047127838-jtwenjs8-1_again.png',NULL,NULL,'2311154','image/png',2,1,NULL,'0','2025-01-05 03:18:47','2025-01-05 03:18:47',NULL,NULL),(408,'1736047321589-0cv6ynms-4_mobb.png-2025-01-05t03-22-01-622z.png','resources/1736047321589-0cv6ynms-4_mobb.png',NULL,NULL,'4813612','image/png',2,1,NULL,'0','2025-01-05 03:22:01','2025-01-05 03:22:01',NULL,NULL),(409,'1736047414721-6wbmj29s-5_mobb.png-2025-01-05t03-23-34-750z.png','resources/1736047414721-6wbmj29s-5_mobb.png',NULL,NULL,'4212510','image/png',2,1,NULL,'0','2025-01-05 03:23:34','2025-01-05 03:23:34',NULL,NULL),(411,'1736047559261-o5o45mn2-7_mobb.png-2025-01-05t03-25-59-282z.png','resources/1736047559261-o5o45mn2-7_mobb.png',NULL,NULL,'5263466','image/png',2,1,NULL,'0','2025-01-05 03:25:59','2025-01-05 03:25:59',NULL,NULL),(412,'1736047729346-sra8yuju-img_13.png-2025-01-05t03-28-49-385z.png','resources/1736047729346-sra8yuju-img_13.png',NULL,NULL,'2633063','image/png',2,1,NULL,'0','2025-01-05 03:28:49','2025-01-05 03:28:49',NULL,NULL),(416,'1736225198341-f7q6wuf2-group_15598.png-2025-01-07t04-46-38-349z.png','resources/1736225198341-f7q6wuf2-Group_15598.png',NULL,NULL,'64724','image/png',3,1,NULL,'0','2025-01-07 04:46:38','2025-01-07 04:46:38',NULL,NULL),(417,'1736228133829-ur6hpf6z-group_14092.png-2025-01-07t05-35-33-834z.png','resources/1736228133829-ur6hpf6z-Group_14092.png',NULL,NULL,'111051','image/png',3,1,NULL,'0','2025-01-07 05:35:33','2025-01-07 05:35:33',NULL,NULL),(421,'1736434242154-jophuu6e-ace.png-2025-01-09t14-50-42-209z.png','resources/1736434242154-jophuu6e-ace.png',NULL,NULL,'3582615','image/png',2,1,NULL,'0','2025-01-09 14:50:42','2025-01-09 14:50:42',NULL,NULL),(424,'1736487200221-uho04nt3-logo_bk.png-2025-01-10t05-33-20-232z.png','resources/1736487200221-uho04nt3-logo_bk.png',NULL,NULL,'27526','image/png',11,1,NULL,'0','2025-01-10 05:33:20','2025-01-10 05:33:20',NULL,NULL),(425,'1736487238742-f66zdm6c-group_11661.png-2025-01-10t05-33-58-747z.png','resources/1736487238742-f66zdm6c-Group_11661.png',NULL,NULL,'19428','image/png',11,1,NULL,'0','2025-01-10 05:33:58','2025-01-10 05:33:58',NULL,NULL),(426,'1736760671961-lsgouviw-af_img_03@2x.png-2025-01-13t09-31-11-976z.png','resources/1736760671961-lsgouviw-af_img_03@2x.png',NULL,NULL,'391732','image/png',4,1,NULL,'0','2025-01-13 09:31:11','2025-01-13 09:31:11',NULL,NULL),(427,'1736760735538-l0s3v81k-af_img_07@2x.png-2025-01-13t09-32-15-545z.png','resources/1736760735538-l0s3v81k-af_img_07@2x.png',NULL,NULL,'329990','image/png',4,1,NULL,'0','2025-01-13 09:32:15','2025-01-13 09:32:15',NULL,NULL),(428,'1736760738595-c5pvp2lw-be_img_03@2x.png-2025-01-13t09-32-18-604z.png','resources/1736760738595-c5pvp2lw-be_img_03@2x.png',NULL,NULL,'378027','image/png',4,1,NULL,'0','2025-01-13 09:32:18','2025-01-13 09:32:18',NULL,NULL),(429,'1736760743974-sv5nryr0-be_img_07@2x.png-2025-01-13t09-32-23-980z.png','resources/1736760743974-sv5nryr0-be_img_07@2x.png',NULL,NULL,'327519','image/png',4,1,NULL,'0','2025-01-13 09:32:23','2025-01-13 09:32:23',NULL,NULL),(430,'1736846013682-22lwpm21-img_01.jpg-2025-01-14t09-13-33-699z.jpg','resources/1736846013682-22lwpm21-img_01.jpg',NULL,NULL,'480187','image/jpeg',2,1,NULL,'0','2025-01-14 09:13:33','2025-01-14 09:13:33',NULL,NULL),(431,'1736846254608-mlwcrhi3-img.jpg-2025-01-14t09-17-34-618z.jpg','resources/1736846254608-mlwcrhi3-img.jpg',NULL,NULL,'442598','image/jpeg',2,1,NULL,'0','2025-01-14 09:17:34','2025-01-14 09:17:34',NULL,NULL),(432,'WD-In3','resources/1736851867295-p2mh5aef-in3.png',NULL,NULL,'753402','image/png',2,1,1,'0','2025-01-14 10:51:07','2025-01-14 10:52:06',NULL,NULL),(440,'1737101962937-lhmqb6r2-fv_07@2x.jpg-2025-01-17t08-19-22-942z.jpg','resources/1737101962937-lhmqb6r2-FV_07@2x.jpg',NULL,NULL,'643886','image/jpeg',15,1,NULL,'0','2025-01-17 08:19:22','2025-01-17 08:19:22',NULL,NULL),(441,'1737102891284-of679n5x-fv_01@2x.jpg-2025-01-17t08-34-51-298z.jpg','resources/1737102891284-of679n5x-FV_01@2x.jpg',NULL,NULL,'805245','image/jpeg',2,1,NULL,'0','2025-01-17 08:34:51','2025-01-17 08:34:51',NULL,NULL),(442,'1737102906976-ud2h5a45-fv_02@2x.jpg-2025-01-17t08-35-06-989z.jpg','resources/1737102906976-ud2h5a45-FV_02@2x.jpg',NULL,NULL,'801447','image/jpeg',2,1,NULL,'0','2025-01-17 08:35:06','2025-01-17 08:35:06',NULL,NULL),(443,'1737102910786-hifwc8ab-fv_03@2x.jpg-2025-01-17t08-35-10-796z.jpg','resources/1737102910786-hifwc8ab-FV_03@2x.jpg',NULL,NULL,'788607','image/jpeg',2,1,NULL,'0','2025-01-17 08:35:10','2025-01-17 08:35:10',NULL,NULL),(444,'1737102914000-2iz4izqa-fv_04@2x.jpg-2025-01-17t08-35-14-014z.jpg','resources/1737102914000-2iz4izqa-FV_04@2x.jpg',NULL,NULL,'721684','image/jpeg',2,1,NULL,'0','2025-01-17 08:35:14','2025-01-17 08:35:14',NULL,NULL),(445,'1737102917341-1bcxayd7-fv_05@2x.jpg-2025-01-17t08-35-17-347z.jpg','resources/1737102917341-1bcxayd7-FV_05@2x.jpg',NULL,NULL,'644366','image/jpeg',2,1,NULL,'0','2025-01-17 08:35:17','2025-01-17 08:35:17',NULL,NULL),(446,'1737102920458-mi0e5rn1-fv_06@2x.jpg-2025-01-17t08-35-20-465z.jpg','resources/1737102920458-mi0e5rn1-FV_06@2x.jpg',NULL,NULL,'811651','image/jpeg',2,1,NULL,'0','2025-01-17 08:35:20','2025-01-17 08:35:20',NULL,NULL);
/*!40000 ALTER TABLE `media` ENABLE KEYS */;
UNLOCK TABLES;

--
-- Table structure for table `media_categories`
--

DROP TABLE IF EXISTS `media_categories`;
/*!40101 SET @saved_cs_client     = @@character_set_client */;
/*!50503 SET character_set_client = utf8mb4 */;
CREATE TABLE `media_categories` (
  `id` int NOT NULL AUTO_INCREMENT,
  `name` varchar(255) NOT NULL,
  `slug` varchar(255) NOT NULL,
  `createdBy` int DEFAULT NULL,
  `updatedBy` int DEFAULT NULL,
  `createdAt` datetime NOT NULL DEFAULT CURRENT_TIMESTAMP,
  `updatedAt` datetime NOT NULL DEFAULT CURRENT_TIMESTAMP ON UPDATE CURRENT_TIMESTAMP,
  PRIMARY KEY (`id`),
  KEY `createdBy` (`createdBy`),
  KEY `updatedBy` (`updatedBy`),
  CONSTRAINT `media_categories_ibfk_1` FOREIGN KEY (`createdBy`) REFERENCES `users` (`id`),
  CONSTRAINT `media_categories_ibfk_2` FOREIGN KEY (`updatedBy`) REFERENCES `users` (`id`)
) ENGINE=InnoDB AUTO_INCREMENT=16 DEFAULT CHARSET=utf8mb4 COLLATE=utf8mb4_0900_ai_ci;
/*!40101 SET character_set_client = @saved_cs_client */;

--
-- Dumping data for table `media_categories`
--

LOCK TABLES `media_categories` WRITE;
/*!40000 ALTER TABLE `media_categories` DISABLE KEYS */;
INSERT INTO `media_categories` VALUES (2,'Employee','employee',1,NULL,'2024-12-19 09:59:41','2024-12-19 09:59:41'),(3,'Cliparts','Cliparts',1,1,'2024-12-19 09:59:50','2024-12-20 05:33:20'),(4,'Carousel','carousel',1,NULL,'2024-12-19 09:59:57','2024-12-19 09:59:57'),(6,'Employee Words','Employee-Words',1,1,'2024-12-19 10:06:32','2024-12-27 06:28:08'),(10,'Profile Pics','Profile-Pics',1,NULL,'2024-12-23 07:36:17','2024-12-23 07:36:17'),(11,'GA Logo','GA-Logo',1,NULL,'2024-12-23 10:12:29','2024-12-23 10:12:29'),(14,'GA','GA',1,1,'2025-01-09 16:35:41','2025-01-09 16:36:15'),(15,'Employee Corrected Image','Employee-Corrected-Image',1,NULL,'2025-01-17 08:18:30','2025-01-17 08:18:30');
/*!40000 ALTER TABLE `media_categories` ENABLE KEYS */;
UNLOCK TABLES;

--
-- Table structure for table `qna`
--

DROP TABLE IF EXISTS `qna`;
/*!40101 SET @saved_cs_client     = @@character_set_client */;
/*!50503 SET character_set_client = utf8mb4 */;
CREATE TABLE `qna` (
  `id` int NOT NULL AUTO_INCREMENT,
  `employeeId` int NOT NULL,
  `qno` int NOT NULL,
  `question` text NOT NULL,
  `answer` text NOT NULL,
  `img` varchar(255) DEFAULT NULL,
  `createdAt` datetime NOT NULL DEFAULT CURRENT_TIMESTAMP,
  `updatedAt` datetime NOT NULL DEFAULT CURRENT_TIMESTAMP,
  PRIMARY KEY (`id`),
  KEY `qna_ibfk_1` (`employeeId`),
  CONSTRAINT `qna_ibfk_1` FOREIGN KEY (`employeeId`) REFERENCES `employees` (`id`) ON DELETE CASCADE ON UPDATE CASCADE
) ENGINE=InnoDB AUTO_INCREMENT=33 DEFAULT CHARSET=utf8mb4 COLLATE=utf8mb4_0900_ai_ci;
/*!40101 SET character_set_client = @saved_cs_client */;

--
-- Dumping data for table `qna`
--

LOCK TABLES `qna` WRITE;
/*!40000 ALTER TABLE `qna` DISABLE KEYS */;
INSERT INTO `qna` VALUES (1,5,1,'入社から現在までの遍歴や業務内容を教えてください。','私は大学で情報系を専攻していたため、当初はWeb系の職種で就職活動をしていました。しかし、GAの最終面接で「営業で挑戦してみないか？」とお声がけいただき、視野を広げられるまたとない機会と感じたため、営業職として入社しました。\n入社後の3ヶ月間は、設計部署で印刷技術や工程の基礎を徹底的に学び、その後営業チームへ配属され様々な営業のノウハウを学びました。2年目からは、複数のクライアントを担当し、見積の作成や印刷のスケジューリング、クライアントとの打ち合わせなど、幅広い業務を任されるようになりました。','resources/1735568118027-lb2o7un5-20230910_34157.png','2024-12-19 10:19:38','2025-01-14 08:53:58'),(2,5,3,'GA入社の決め手は何ですか？','印刷会社でありながら、時代の変化にあわせてWeb、映像といった新しい分野に積極的に取り組んでいる部分です。変化を恐れず、クライアントのニーズに応え、常に新しいことに挑戦されている姿勢に強く惹かれました。また、就職活動中は、様々な仕事に挑戦できる会社を探していたので、複数の事業分野に関われるGAの環境は、とても魅力的に感じました。','resources/1736434242154-jophuu6e-ace.png','2024-12-19 10:29:24','2025-01-14 08:55:37'),(3,5,5,'GAの企業理念である「分かりやすく伝わりやすく」を実現するために工夫していることはありますか？','打ち合わせでは、特定の人しか分からないような専門用語は避け、相手の理解度に応じた説明を心がけています。そうすることで言葉の行き違いを極力減らし、不明点などもすぐにその場で解決できるようにしています。また、紙の仕様などは電話やオンラインの打ち合わせではどうしても伝わりにくい部分があるため、打ち合わせはできるだけ対面で行うようにしています。\n提案書や見積の作成においては、グラフや図表を用いて視覚的に分かりやすい内容になるよう心がけています。','resources/1734602636929-taq62mzc-img_05.png','2024-12-19 13:05:49','2025-01-14 08:56:02'),(4,5,4,'GAに入ってやりがいを感じたことはなんですか？','自分が苦労して関わった印刷物が無事校了し、完成品を受け取った時です。\n社内で前例のない仕様のDMを作ることがあるのですが「実際に工場の機械で印刷できるかどうか」「郵便規定内で投函できるかどうか」などを、工場やデザイン部署の方々と相談したり、実際にサンプルを作って確認したりと、何度も試行錯誤を繰り返します。\n営業は商品設計から完成まで関わる分、大変なことも多いですが、自分の考えた仕様が実際に形になった時には、大きな達成感があります。','resources/1735568110929-vb6oiuyf-20230910_34064.png','2024-12-19 13:11:31','2025-01-14 08:55:50'),(5,6,1,'入社から現在までの遍歴や業務内容を教えてください。','1年目〜3年目は先輩にご指導いただきつつ、デザインの技術や印刷に適したデータの作り方等、毎日学ぶことだらけの連続でした。4年目から健康食品系の通販チラシをディレクションから担当することになったのですが、クライアントが伝えたい内容を整理したり、紙面上の構成を組み立てたりと、考えるべきことが広がり悪戦苦闘しました。今では担当クライアントと密にコミュニケーションを取り、疑問や相談事についてしっかりすり合わせを行い、良い信頼関係を築けています。','resources/1735575442419-lftovigi-20240808_33624.png','2024-12-19 13:20:48','2025-01-14 07:08:51'),(6,6,3,'GA入社の決め手は何ですか？','インターンに参加した際、会社や社員の方の雰囲気が伝わり、好印象を受けたからです。\n学生時代に学んだグラフィックデザインを活かしたいと思っていたので、グラフィック、Web、映像、3DCG等、幅広い分野の制作に取り組んでいる点も魅力に感じました。様々なデザインに携われることでデザイナーとしても成長できる環境だと思ったことも決め手の1つです。社内のパン工場でパンを作っているということも驚きました！パンが大好きなのでそこも魅力かもしれません。','resources/1735575451863-y8raf7tp-20240808_33681.png','2024-12-19 13:43:08','2025-01-14 07:11:07'),(7,7,1,'入社から現在までの遍歴や業務内容を教えてください。','私は現在入社2年目で、Webデザイナーとして働いています。仕事は主に製薬会社様や百貨店様向けのバナーやメルマガの制作を担当しています。\n実は、入社するまで本格的にデザインをしたことはなかったので、1年目の研修でIllustratorやPhotoshopの使い方を教わりながら、一からデザインやWebのことを勉強しました。現在は尊敬する先輩方の元で学びながら、日々仕事を頑張っています。最近は社内コンペに参加する機会も増え、少しずつ自分の成長を感じています。','resources/1736846013682-22lwpm21-img_01.jpg','2024-12-19 14:32:46','2025-01-14 09:14:02'),(8,7,3,'GA入社の決め手は何ですか？','元々デザイン系の仕事に興味があったのですが、大学は芸術系の学部ではなかったので、未経験でも挑戦できる会社を探していました。ちょうどその頃、学内の説明会でゼネラルアサヒを知り、デザイン未経験でも応募可能だったのと、説明会の雰囲気も和やかで居心地が良かったので入社を希望しました。また実際に同じ大学出身の先輩もいて、職場環境が楽しそうだったことや、何よりゼロからデザインを学べることが入社の決め手になりました。','resources/1735579162217-2o7p0phn-new_img_5_4.png','2024-12-19 14:33:32','2025-01-14 07:21:50'),(9,8,1,'入社から現在までの遍歴や業務内容を教えてください。','現在は映像チームで働いていますが、元々カメラマン志望で就職活動をしていました。\n1年目は希望通り撮影チームに配属されアシスタント業務を経験。2年目に映像チームへ異動し、スケジュールや予算の管理、撮影・編集の進行管理を担当しました。未経験の分野だったため、先輩方に一から業務内容を教えていただきました。\n3年目には関西事業部の映像チーム新設に伴い福岡から関西へ異動し、現在は映像ディレクターとして企画・演出・制作進行管理に携わっています。','resources/1735579570773-btfi26qj-240806_GAweb_recruit_3906_kitaura.png','2024-12-19 14:39:48','2025-01-14 07:49:59'),(10,8,3,'GA入社の決め手は何ですか？','就活中はカメラマンとして働ける会社を探していたので、自社内にスタジオを持っており大規模な撮影にも対応できるところに魅力を感じました。\nまた、GAは印刷、Web、スチール、映像など様々な媒体を扱っているため、いろんな知識を持ったプロたちと協力しながら働くことができます。私は写真を撮ることはもちろん、どういう写真を撮るかを企画することも好きだったので、いろんな立場の人と意見を交わしながらものづくりができる環境が自分の成長にも繋がると思い、入社を決めました。','resources/1735579579098-1mvp9sk9-240806_GAweb_recruit_3930_kitaura.png','2024-12-19 14:40:19','2025-01-14 08:36:21'),(11,9,1,'入社から現在までの遍歴や業務内容を教えてください。','私は関西Webチームに新卒社員として入社しました。大学では情報系を専攻していましたがWebは全くの未経験だったため、先輩エンジニアにご指導いただいたり、クライアントへの提案に同行したりしながらWeb制作の流れを学び、現在はフロントエンドエンジニアとして業務に励んでいます。\n普段の業務ではデザインをブラウザ上で閲覧できるようにコーディングしたり、ECサイトの解析業務などをしたりしています。','resources/1735579821822-mkhaikxh-new_5_img_1.png','2024-12-19 14:47:21','2025-01-14 08:39:15'),(13,10,1,'入社から現在までの遍歴や業務内容を教えてください。','健康食品と化粧品の通販会社様の営業をメインで担当しています。仕事内容は主に見積作成やデザイン制作のスケジュール管理です。\n紙媒体では、クライアントに向けてDM等の仕様提案を行なったり、制作物の構成やデザインをデザイナーとすり合わせ、クライアントとの窓口を担当しています。Web媒体では、Webディレクターと連携してECサイトの運営サポートをしたり、SNS投稿画像の撮影進行を行なったりしています。営業でありながらもクリエイティブな現場に関わる仕事をしています。','resources/1735580118312-uyd4raof-20230910_34214.png','2024-12-19 14:53:26','2025-01-14 08:43:20'),(14,10,3,'GA入社の決め手は何ですか？','就職活動中、私は印刷会社を中心に企業探しをしていました。多くの印刷会社では入社後にWeb媒体メインか紙媒体メイン、どちらの営業になるかを選ぶ必要がありましたが、GAはクライアントや自分の希望に応じて両方に携わることができるので他社よりも魅力を感じました。また、福岡県内の印刷会社の説明会に行った際に、何社かがGAを良い例として挙げられていたので、同業他社からも評価されているんだなと思い好印象を持ちました。','resources/1735580127551-6lh4w96m-20230910_34114.png','2024-12-19 14:53:52','2025-01-14 08:45:15'),(15,11,1,'入社から現在までの遍歴や業務内容を教えてください。','GAに新卒入社後Webチームに配属され、最初はコーディングを中心に業務を行っていました。未経験からのスタートでしたが、参考書で基礎を学び、周囲のサポートも受けながらスキルを磨いてきました。入社3年目には福岡から東京へ転勤し、それに伴い東京Webチームのリーダーに任命されました。現在はディレクション業務を中心にチーム全体のマネジメントにも取り組んでいます。日々困難に直面する場面もありますが、新たな知識やスキルを吸収しながら業務に取り組んでいます。','resources/1735580377749-ejosv720-_MG_7643.png','2024-12-19 14:59:00','2025-01-14 07:02:21'),(16,11,3,'GA入社の決め手は何ですか？','入社の決め手はシンプルに「楽しそう」と感じたことです。仕事の内容や社内の雰囲気が自分に合っていると感じました。また面接の選考を進んでいく中で、充実した研修制度や活躍する若手先輩社員の姿を実際に目にし、未経験からでもしっかりと成長できる環境だと確信しました。こうした楽しさと成長機会がある環境で、自分も貢献したいと強く思い入社を決意しました。','resources/1736851867295-p2mh5aef-in3.png','2024-12-19 14:59:38','2025-01-14 10:52:22'),(17,11,4,'GAに入ってやりがいを感じたことはなんですか？','入社してやりがいを感じたことは、未経験から始めたコーディング業務で成長を実感したことと、ディレクション業務で様々なプロジェクトを成功させたことです。特に、関わったプロジェクトが無事に完了し、クライアントから感謝の言葉をいただいた時には大きなやりがいを感じました。また、1つのプロジェクトを社内メンバーと協力し合いながら進め、共に成長していく過程も充実感があります。こうした経験を通じて、自分のスキル向上と、自分が貢献できる場が増えていくのを実感しています。','resources/1735580396876-fy64obvt-_MG_7617.png','2024-12-20 03:59:52','2025-01-14 07:05:55'),(19,11,5,'GAの企業理念である「分かりやすく伝わりやすく」を実現するために工夫していることはありますか？','企画や制作に取り組む際、まず初めに「受け取る人」の立場になることを意識しています。例えばスキンケア商材であれば、「どのような肌悩みを解決したいのか」「普段スキンケアにどれくらい時間を使うか」等を、使い手の目線に立って考えます。\nその上で、「どのような見せ方をすれば商品に興味を持ってもらえるか」「どのようなコンテンツがあれば長く続けてもらえるか」等、どのようにコミュニケーションを取るべきか考え、制作に落とし込むことが大切だと思っています。','resources/1734624625827-46yzx1o9-Group 12854.png','2024-12-20 05:11:04','2025-01-14 07:06:07'),(22,6,4,'GAに入ってやりがいを感じたことはなんですか？','自分がデザインした制作物が社内で印刷、加工、製本されて形になったものを見ると達成感を感じます。また、商品魅力を引き出す方法を試行錯誤し時間をかけて制作したチラシに対して、クライアントから「売上が上がった」「レスポンスが良かった」等の評価をいただけると自信に繋がります。頑張ってよかった〜！と思いますし、次の仕事へのモチベーションにも繋がっています。','resources/1735568159154-a51f3q0z-20240808_33584.png','2024-12-21 03:58:46','2025-01-14 07:11:22'),(23,7,4,'GAに入ってやりがいを感じたことはなんですか？','自分のデザインが実際にWebサイトに載っているのを見た時や、仕事のスピードが上がっていくのを実感した時です。特に、同僚や先輩方から評価された時や、クライアントから感謝の言葉をいただいた時は非常に嬉しいです。またデザインの仕事に就くことはずっと夢だったので、1つの案件が無事納品できた時の達成感は大きいですね。\nこれからもさらに多くの経験を積んで成長し、将来的には自分がやりたい仕事にも挑戦したいと思っています。','resources/1735579286942-qjx8lala-20240808_33225.png','2024-12-21 04:22:03','2024-12-30 17:21:41'),(24,8,4,'GAに入ってやりがいを感じたことはなんですか？','若手でも大きな仕事を任せてもらえることです。経験が浅かった当時は、分からないことや一筋縄で行かないことも多く「大変だな…」と思うこともありました。ですが、手探りながらも何とか納品した制作物をクライアントが気に入ってくださったり、担当案件が社外公開用の実績として選ばれたりすると「頑張った甲斐があったな」とやりがいを感じます。大変な分、1つ1つの仕事が確実に自分の実力になっていることを実感でき、モチベーションに繋がっています。','resources/1735579581144-ueib25pc-240806_GAweb_recruit_4040_kitaura.png','2024-12-21 04:33:51','2025-01-14 08:36:35'),(25,9,4,'GAに入ってやりがいを感じたことはなんですか？','サイト制作で試行錯誤している時にやりがいを感じます。\nフロントエンドエンジニアという職種ではありますが、ただコーディング業務を行うだけでなく、社内ミーティングやクライアントへの打ち合わせに参加することもあります。\n自分が制作した内容に対してクライアントからお喜びの声をいただけるのも大きなやりがいですが、ヒアリングした内容を噛み砕き、難解な要件を解決するためにどういった機能を組み合わせて実装するか、試行錯誤している時が一番楽しくやりがいを感じます。','resources/1735579831968-q7t8t8ik-new_img_5_5.png','2024-12-21 04:53:36','2025-01-14 08:40:46'),(26,10,4,'GAに入ってやりがいを感じたことはなんですか？','自分がクライアントに向けて提案した内容が採用され、新たな受注に繋がった時です。\nGAはクライアントから依頼された内容以外にも、さらに喜んでいただくために積極的に制作物の提案を行なっています。過去に取引のないクライアントに対しても自主提案を行う機会が多いです。\n自分で考え行動し、クリエイティブ職のみなさんと協力して形にしたものに対し、クライアントから「ありがとうございます」とお喜びの声をいただけた時に「もっと頑張ろう！」と思えます','resources/1735580127826-nshlvtga-20230910_34033.png','2024-12-21 05:06:28','2025-01-14 08:45:31'),(27,6,5,'GAの企業理念である「分かりやすく伝わりやすく」を実現するために工夫していることはありますか？','どんな人がこのチラシやDMを手に取るのか、この商品の魅力を引き出すにはどうすれば良いのか、クライアントが特に伝えたいポイントは何なのか、そして何より、どのような見せ方をすれば受け取り手に商品の魅力が伝わるのかなどを考えながらデザイン制作をしています。トライアンドエラーを繰り返し、良いものができた！と思えた時にやりがいを感じますし、素敵な仕事だな、と思います。','','2024-12-22 10:28:02','2025-01-14 07:11:36'),(28,7,5,'GAの企業理念である「分かりやすく伝わりやすく」を実現するために工夫していることはありますか？','分かりやすいデザインを作るためには、常に「自分がユーザーなら、どの動線で情報を見るか」を意識しています。デザインの基本ルールを守りつつ、様々なサイトから最新のトレンドやデザイン思考を学び、相手に伝わるデザインになるよう心がけています。\nまたスマホとパソコンでも同じ情報が伝わるよう、デザインが完成したら必ず自分のスマホで確認し、先輩にも見てもらっています。経験豊富な先輩方からのアドバイスを参考に、より分かりやすいサイトになるよう慎重に調整しています。','','2024-12-22 10:45:51','2024-12-22 10:45:51'),(29,8,5,'GAの企業理念である「分かりやすく伝わりやすく」を実現するために工夫していることはありますか？','本質を理解してこそ誰が見ても分かりやすく伝わりやすい視覚表現を生み出すことができるので、クライアントの事業内容や商材についてクライアントと同じ目線、立場で語れるくらいしっかりと理解することを心がけています。特に企画案やコンテを作成する時は、内容を体系的に理解してから行うようにしています。そうすることでクライアントの真意まで汲み取った「分かりやすく伝わりやすい」映像を実現できるからです。\nまた自分の意図をクライアントや社内スタッフに伝える際は、図や参考映像なども使用して共通のイメージを持てるようにしています。','','2024-12-22 11:51:46','2025-01-14 08:36:46'),(30,9,5,'GAの企業理念である「分かりやすく伝わりやすく」を実現するために工夫していることはありますか？','WebサイトやCMS(コンテンツ管理システム)を構築する際、常にエンドユーザーの行動を予測しながら作業をしています。取引先の伝えたい想いを制作物に落とし込むことはもちろんですが、エンドユーザーの行動心理に沿ったサイトを設計し、売り手からの一方的なコミュニケーションにならないよう心がけています。\nまた、どのような状況でも正しく分かりやすく情報が伝わり、適切なサービスを提供できるよう、ウェブアクセシビリティにも細心の注意を払って作業しています。','','2024-12-22 11:52:36','2025-01-14 08:41:01'),(31,10,5,'GAの企業理念である「分かりやすく伝わりやすく」を実現するために工夫していることはありますか？','社内外で何かを説明する際、口頭や文章で伝えるだけでなく、実物やそれに近しい制作物等をお見せしてイメージを共有できるようにしています。言葉だけだとお互いが共通のイメージを持てているかどうか把握しづらく、認識のズレが生じてしまう場合があります。クライアントが「思っていたものと違う」とならないためにも、実際のモノを見せた上でご説明するようにしています。','','2024-12-22 11:53:17','2025-01-14 08:45:42'),(32,9,3,'GA入社の決め手は何ですか？','Web業界で就職先を探していたところGAに出会いました。Web制作はもちろん、母体となる印刷事業に加え、映像や3DCGといったデジタルコンテンツにも力を入れており、事業内容の広さに企業としての幅と安心感を覚えました。\nまた、就活の選考中に面接を受けた際、取締役員と若手先輩社員の楽しげな笑い声が控室まで届いていました。面接中も終始和やかな雰囲気で、上下関係の隔たりのない風通しの良い職場だと感じたことも入社の決め手の一つです。','resources/1735579829848-5xp2b0f3-f.png','2024-12-30 17:31:53','2025-01-14 08:40:34');
/*!40000 ALTER TABLE `qna` ENABLE KEYS */;
UNLOCK TABLES;

--
-- Table structure for table `role_actions`
--

DROP TABLE IF EXISTS `role_actions`;
/*!40101 SET @saved_cs_client     = @@character_set_client */;
/*!50503 SET character_set_client = utf8mb4 */;
CREATE TABLE `role_actions` (
  `id` int NOT NULL AUTO_INCREMENT,
  `requiredApproval` tinyint(1) DEFAULT '0',
  `isDeleted` tinyint(1) DEFAULT '0',
  `roleId` int NOT NULL,
  `roleMenuActionId` int DEFAULT NULL,
  `createdBy` int DEFAULT NULL,
  `editedBy` int DEFAULT NULL,
  `createdAt` datetime NOT NULL,
  `updatedAt` datetime NOT NULL,
  PRIMARY KEY (`id`),
  KEY `roleId` (`roleId`),
  KEY `roleMenuActionId` (`roleMenuActionId`),
  CONSTRAINT `role_actions_ibfk_1` FOREIGN KEY (`roleId`) REFERENCES `roles` (`id`),
  CONSTRAINT `role_actions_ibfk_2` FOREIGN KEY (`roleMenuActionId`) REFERENCES `role_menu_actions` (`id`)
) ENGINE=InnoDB AUTO_INCREMENT=659 DEFAULT CHARSET=utf8mb4 COLLATE=utf8mb4_0900_ai_ci;
/*!40101 SET character_set_client = @saved_cs_client */;

--
-- Dumping data for table `role_actions`
--

LOCK TABLES `role_actions` WRITE;
/*!40000 ALTER TABLE `role_actions` DISABLE KEYS */;
INSERT INTO `role_actions` VALUES (273,1,0,2,14,1,NULL,'2024-12-21 10:19:30','2024-12-21 10:19:30'),(274,1,0,2,2,1,NULL,'2024-12-21 10:19:30','2024-12-21 10:19:30'),(275,1,0,2,1,1,NULL,'2024-12-21 10:19:30','2024-12-21 10:19:30'),(276,1,0,2,3,1,NULL,'2024-12-21 10:19:30','2024-12-21 10:19:30'),(277,1,0,2,6,1,NULL,'2024-12-21 10:19:30','2024-12-21 10:19:30'),(278,1,0,2,5,1,NULL,'2024-12-21 10:19:30','2024-12-21 10:19:30'),(279,1,0,2,4,1,NULL,'2024-12-21 10:19:30','2024-12-21 10:19:30'),(280,1,0,2,8,1,NULL,'2024-12-21 10:19:30','2024-12-21 10:19:30'),(281,1,0,2,7,1,NULL,'2024-12-21 10:19:30','2024-12-21 10:19:30'),(282,1,0,2,9,1,NULL,'2024-12-21 10:19:30','2024-12-21 10:19:30'),(283,1,0,2,12,1,NULL,'2024-12-21 10:19:30','2024-12-21 10:19:30'),(284,1,0,2,10,1,NULL,'2024-12-21 10:19:30','2024-12-21 10:19:30'),(285,1,0,2,11,1,NULL,'2024-12-21 10:19:30','2024-12-21 10:19:30'),(286,1,0,2,13,1,NULL,'2024-12-21 10:19:30','2024-12-21 10:19:30'),(287,1,0,2,15,1,NULL,'2024-12-21 10:19:30','2024-12-21 10:19:30'),(288,1,0,2,16,1,NULL,'2024-12-21 10:19:30','2024-12-21 10:19:30'),(289,1,0,2,19,1,NULL,'2024-12-21 10:19:30','2024-12-21 10:19:30'),(290,1,0,2,18,1,NULL,'2024-12-21 10:19:30','2024-12-21 10:19:30'),(291,1,0,2,17,1,NULL,'2024-12-21 10:19:30','2024-12-21 10:19:30'),(292,1,0,2,20,1,NULL,'2024-12-21 10:19:30','2024-12-21 10:19:30'),(293,1,0,2,21,1,NULL,'2024-12-21 10:19:30','2024-12-21 10:19:30'),(294,1,0,2,22,1,NULL,'2024-12-21 10:19:30','2024-12-21 10:19:30'),(295,1,0,2,24,1,NULL,'2024-12-21 10:19:30','2024-12-21 10:19:30'),(296,1,0,2,23,1,NULL,'2024-12-21 10:19:30','2024-12-21 10:19:30'),(297,1,0,2,25,1,NULL,'2024-12-21 10:19:30','2024-12-21 10:19:30'),(298,1,0,2,26,1,NULL,'2024-12-21 10:19:30','2024-12-21 10:19:30'),(299,1,0,2,27,1,NULL,'2024-12-21 10:19:30','2024-12-21 10:19:30'),(300,1,0,2,30,1,NULL,'2024-12-21 10:19:30','2024-12-21 10:19:30'),(301,1,0,2,29,1,NULL,'2024-12-21 10:19:30','2024-12-21 10:19:30'),(302,1,0,2,28,1,NULL,'2024-12-21 10:19:30','2024-12-21 10:19:30'),(303,1,0,2,31,1,NULL,'2024-12-21 10:19:30','2024-12-21 10:19:30'),(304,1,0,2,32,1,NULL,'2024-12-21 10:19:30','2024-12-21 10:19:30'),(305,1,0,2,33,1,NULL,'2024-12-21 10:19:30','2024-12-21 10:19:30'),(306,1,0,2,36,1,NULL,'2024-12-21 10:19:30','2024-12-21 10:19:30'),(307,1,0,2,34,1,NULL,'2024-12-21 10:19:30','2024-12-21 10:19:30'),(308,1,0,2,37,1,NULL,'2024-12-21 10:19:30','2024-12-21 10:19:30'),(309,1,0,2,35,1,NULL,'2024-12-21 10:19:30','2024-12-21 10:19:30'),(310,1,0,2,40,1,NULL,'2024-12-21 10:19:30','2024-12-21 10:19:30'),(311,1,0,2,39,1,NULL,'2024-12-21 10:19:30','2024-12-21 10:19:30'),(312,1,0,2,38,1,NULL,'2024-12-21 10:19:30','2024-12-21 10:19:30'),(313,1,0,2,41,1,NULL,'2024-12-21 10:19:30','2024-12-21 10:19:30'),(314,1,0,2,44,1,NULL,'2024-12-21 10:19:30','2024-12-21 10:19:30'),(315,1,0,2,42,1,NULL,'2024-12-21 10:19:30','2024-12-21 10:19:30'),(316,1,0,2,45,1,NULL,'2024-12-21 10:19:30','2024-12-21 10:19:30'),(317,1,0,2,43,1,NULL,'2024-12-21 10:19:30','2024-12-21 10:19:30'),(318,1,0,2,48,1,NULL,'2024-12-21 10:19:30','2024-12-21 10:19:30'),(319,1,0,2,47,1,NULL,'2024-12-21 10:19:30','2024-12-21 10:19:30'),(320,1,0,2,46,1,NULL,'2024-12-21 10:19:30','2024-12-21 10:19:30'),(321,1,0,2,49,1,NULL,'2024-12-21 10:19:30','2024-12-21 10:19:30'),(322,1,0,2,52,1,NULL,'2024-12-21 10:19:30','2024-12-21 10:19:30'),(323,1,0,2,50,1,NULL,'2024-12-21 10:19:30','2024-12-21 10:19:30'),(324,1,0,2,53,1,NULL,'2024-12-21 10:19:30','2024-12-21 10:19:30'),(325,1,0,2,51,1,NULL,'2024-12-21 10:19:30','2024-12-21 10:19:30'),(326,1,0,2,73,1,NULL,'2024-12-21 10:19:30','2024-12-21 10:19:30'),(327,1,0,2,68,1,NULL,'2024-12-21 10:19:30','2024-12-21 10:19:30'),(328,1,0,2,69,1,NULL,'2024-12-21 10:19:30','2024-12-21 10:19:30'),(329,1,0,2,70,1,NULL,'2024-12-21 10:19:30','2024-12-21 10:19:30'),(330,1,0,2,72,1,NULL,'2024-12-21 10:19:30','2024-12-21 10:19:30'),(331,1,0,2,71,1,NULL,'2024-12-21 10:19:30','2024-12-21 10:19:30'),(332,1,0,2,62,1,NULL,'2024-12-21 10:19:30','2024-12-21 10:19:30'),(333,1,0,2,65,1,NULL,'2024-12-21 10:19:30','2024-12-21 10:19:30'),(334,1,0,2,63,1,NULL,'2024-12-21 10:19:30','2024-12-21 10:19:30'),(335,1,0,2,64,1,NULL,'2024-12-21 10:19:30','2024-12-21 10:19:30'),(336,1,0,2,66,1,NULL,'2024-12-21 10:19:30','2024-12-21 10:19:30'),(337,1,0,2,54,1,NULL,'2024-12-21 10:19:30','2024-12-21 10:19:30'),(338,1,0,2,57,1,NULL,'2024-12-21 10:19:30','2024-12-21 10:19:30'),(339,1,0,2,55,1,NULL,'2024-12-21 10:19:30','2024-12-21 10:19:30'),(340,1,0,2,56,1,NULL,'2024-12-21 10:19:30','2024-12-21 10:19:30'),(341,1,0,2,58,1,NULL,'2024-12-21 10:19:30','2024-12-21 10:19:30'),(342,1,0,2,59,1,NULL,'2024-12-21 10:19:30','2024-12-21 10:19:30'),(343,1,0,2,60,1,NULL,'2024-12-21 10:19:30','2024-12-21 10:19:30'),(344,1,0,2,61,1,NULL,'2024-12-21 10:19:30','2024-12-21 10:19:30'),(345,1,0,2,67,1,NULL,'2024-12-21 10:19:30','2024-12-21 10:19:30'),(525,1,0,10,14,1,NULL,'2025-01-24 08:49:43','2025-01-24 08:49:43'),(526,1,0,10,15,1,NULL,'2025-01-24 08:49:43','2025-01-24 08:49:43'),(527,1,0,10,16,1,NULL,'2025-01-24 08:49:43','2025-01-24 08:49:43'),(528,1,0,10,17,1,NULL,'2025-01-24 08:49:43','2025-01-24 08:49:43'),(529,1,0,10,18,1,NULL,'2025-01-24 08:49:43','2025-01-24 08:49:43'),(530,1,0,10,19,1,NULL,'2025-01-24 08:49:43','2025-01-24 08:49:43'),(531,1,0,10,20,1,NULL,'2025-01-24 08:49:43','2025-01-24 08:49:43'),(532,1,0,10,21,1,NULL,'2025-01-24 08:49:43','2025-01-24 08:49:43'),(533,1,0,10,22,1,NULL,'2025-01-24 08:49:43','2025-01-24 08:49:43'),(534,1,0,10,23,1,NULL,'2025-01-24 08:49:43','2025-01-24 08:49:43'),(535,1,0,10,24,1,NULL,'2025-01-24 08:49:43','2025-01-24 08:49:43'),(536,1,0,10,25,1,NULL,'2025-01-24 08:49:43','2025-01-24 08:49:43'),(537,1,0,10,26,1,NULL,'2025-01-24 08:49:43','2025-01-24 08:49:43'),(538,1,0,10,27,1,NULL,'2025-01-24 08:49:43','2025-01-24 08:49:43'),(539,1,0,10,28,1,NULL,'2025-01-24 08:49:43','2025-01-24 08:49:43'),(540,1,0,10,29,1,NULL,'2025-01-24 08:49:43','2025-01-24 08:49:43'),(541,1,0,10,30,1,NULL,'2025-01-24 08:49:43','2025-01-24 08:49:43'),(542,1,0,10,31,1,NULL,'2025-01-24 08:49:43','2025-01-24 08:49:43'),(543,1,0,10,32,1,NULL,'2025-01-24 08:49:43','2025-01-24 08:49:43'),(544,1,0,10,33,1,NULL,'2025-01-24 08:49:43','2025-01-24 08:49:43'),(545,1,0,10,34,1,NULL,'2025-01-24 08:49:43','2025-01-24 08:49:43'),(546,1,0,10,35,1,NULL,'2025-01-24 08:49:43','2025-01-24 08:49:43'),(547,1,0,10,36,1,NULL,'2025-01-24 08:49:43','2025-01-24 08:49:43'),(548,1,0,10,37,1,NULL,'2025-01-24 08:49:43','2025-01-24 08:49:43'),(549,1,0,10,38,1,NULL,'2025-01-24 08:49:43','2025-01-24 08:49:43'),(550,1,0,10,39,1,NULL,'2025-01-24 08:49:43','2025-01-24 08:49:43'),(551,1,0,10,40,1,NULL,'2025-01-24 08:49:43','2025-01-24 08:49:43'),(552,1,0,10,41,1,NULL,'2025-01-24 08:49:43','2025-01-24 08:49:43'),(553,1,0,10,42,1,NULL,'2025-01-24 08:49:43','2025-01-24 08:49:43'),(554,1,0,10,43,1,NULL,'2025-01-24 08:49:43','2025-01-24 08:49:43'),(555,1,0,10,44,1,NULL,'2025-01-24 08:49:43','2025-01-24 08:49:43'),(556,1,0,10,45,1,NULL,'2025-01-24 08:49:43','2025-01-24 08:49:43'),(557,1,0,10,46,1,NULL,'2025-01-24 08:49:43','2025-01-24 08:49:43'),(558,1,0,10,47,1,NULL,'2025-01-24 08:49:43','2025-01-24 08:49:43'),(559,1,0,10,48,1,NULL,'2025-01-24 08:49:43','2025-01-24 08:49:43'),(560,1,0,10,49,1,NULL,'2025-01-24 08:49:43','2025-01-24 08:49:43'),(561,1,0,10,50,1,NULL,'2025-01-24 08:49:43','2025-01-24 08:49:43'),(562,1,0,10,51,1,NULL,'2025-01-24 08:49:43','2025-01-24 08:49:43'),(563,1,0,10,52,1,NULL,'2025-01-24 08:49:43','2025-01-24 08:49:43'),(564,1,0,10,53,1,NULL,'2025-01-24 08:49:43','2025-01-24 08:49:43'),(565,1,0,10,54,1,NULL,'2025-01-24 08:49:43','2025-01-24 08:49:43'),(566,1,0,10,55,1,NULL,'2025-01-24 08:49:43','2025-01-24 08:49:43'),(567,1,0,10,56,1,NULL,'2025-01-24 08:49:43','2025-01-24 08:49:43'),(568,1,0,10,57,1,NULL,'2025-01-24 08:49:43','2025-01-24 08:49:43'),(569,1,0,10,58,1,NULL,'2025-01-24 08:49:43','2025-01-24 08:49:43'),(570,1,0,10,68,1,NULL,'2025-01-24 08:49:43','2025-01-24 08:49:43'),(571,1,0,10,69,1,NULL,'2025-01-24 08:49:43','2025-01-24 08:49:43'),(572,1,0,10,70,1,NULL,'2025-01-24 08:49:43','2025-01-24 08:49:43'),(573,1,0,10,71,1,NULL,'2025-01-24 08:49:43','2025-01-24 08:49:43'),(574,1,0,10,72,1,NULL,'2025-01-24 08:49:43','2025-01-24 08:49:43'),(575,1,0,10,62,1,NULL,'2025-01-24 08:49:43','2025-01-24 08:49:43'),(576,1,0,10,74,1,NULL,'2025-01-24 08:49:43','2025-01-24 08:49:43'),(577,1,0,10,75,1,NULL,'2025-01-24 08:49:43','2025-01-24 08:49:43'),(578,1,0,10,76,1,NULL,'2025-01-24 08:49:43','2025-01-24 08:49:43'),(579,1,0,10,77,1,NULL,'2025-01-24 08:49:43','2025-01-24 08:49:43'),(580,1,0,10,78,1,NULL,'2025-01-24 08:49:43','2025-01-24 08:49:43'),(581,1,0,1,1,1,NULL,'2025-01-24 08:49:52','2025-01-24 08:49:52'),(582,1,0,1,2,1,NULL,'2025-01-24 08:49:52','2025-01-24 08:49:52'),(583,1,0,1,3,1,NULL,'2025-01-24 08:49:52','2025-01-24 08:49:52'),(584,1,0,1,4,1,NULL,'2025-01-24 08:49:52','2025-01-24 08:49:52'),(585,1,0,1,5,1,NULL,'2025-01-24 08:49:52','2025-01-24 08:49:52'),(586,1,0,1,6,1,NULL,'2025-01-24 08:49:52','2025-01-24 08:49:52'),(587,1,0,1,7,1,NULL,'2025-01-24 08:49:52','2025-01-24 08:49:52'),(588,1,0,1,8,1,NULL,'2025-01-24 08:49:52','2025-01-24 08:49:52'),(589,1,0,1,9,1,NULL,'2025-01-24 08:49:52','2025-01-24 08:49:52'),(590,1,0,1,10,1,NULL,'2025-01-24 08:49:52','2025-01-24 08:49:52'),(591,1,0,1,11,1,NULL,'2025-01-24 08:49:52','2025-01-24 08:49:52'),(592,1,0,1,12,1,NULL,'2025-01-24 08:49:52','2025-01-24 08:49:52'),(593,1,0,1,13,1,NULL,'2025-01-24 08:49:52','2025-01-24 08:49:52'),(594,1,0,1,14,1,NULL,'2025-01-24 08:49:52','2025-01-24 08:49:52'),(595,1,0,1,15,1,NULL,'2025-01-24 08:49:52','2025-01-24 08:49:52'),(596,1,0,1,16,1,NULL,'2025-01-24 08:49:52','2025-01-24 08:49:52'),(597,1,0,1,17,1,NULL,'2025-01-24 08:49:52','2025-01-24 08:49:52'),(598,1,0,1,18,1,NULL,'2025-01-24 08:49:52','2025-01-24 08:49:52'),(599,1,0,1,19,1,NULL,'2025-01-24 08:49:52','2025-01-24 08:49:52'),(600,1,0,1,20,1,NULL,'2025-01-24 08:49:52','2025-01-24 08:49:52'),(601,1,0,1,21,1,NULL,'2025-01-24 08:49:52','2025-01-24 08:49:52'),(602,1,0,1,22,1,NULL,'2025-01-24 08:49:52','2025-01-24 08:49:52'),(603,1,0,1,23,1,NULL,'2025-01-24 08:49:52','2025-01-24 08:49:52'),(604,1,0,1,24,1,NULL,'2025-01-24 08:49:52','2025-01-24 08:49:52'),(605,1,0,1,25,1,NULL,'2025-01-24 08:49:52','2025-01-24 08:49:52'),(606,1,0,1,26,1,NULL,'2025-01-24 08:49:52','2025-01-24 08:49:52'),(607,1,0,1,27,1,NULL,'2025-01-24 08:49:52','2025-01-24 08:49:52'),(608,1,0,1,28,1,NULL,'2025-01-24 08:49:52','2025-01-24 08:49:52'),(609,1,0,1,29,1,NULL,'2025-01-24 08:49:52','2025-01-24 08:49:52'),(610,1,0,1,30,1,NULL,'2025-01-24 08:49:52','2025-01-24 08:49:52'),(611,1,0,1,31,1,NULL,'2025-01-24 08:49:52','2025-01-24 08:49:52'),(612,1,0,1,32,1,NULL,'2025-01-24 08:49:52','2025-01-24 08:49:52'),(613,1,0,1,33,1,NULL,'2025-01-24 08:49:52','2025-01-24 08:49:52'),(614,1,0,1,34,1,NULL,'2025-01-24 08:49:52','2025-01-24 08:49:52'),(615,1,0,1,35,1,NULL,'2025-01-24 08:49:52','2025-01-24 08:49:52'),(616,1,0,1,36,1,NULL,'2025-01-24 08:49:52','2025-01-24 08:49:52'),(617,1,0,1,37,1,NULL,'2025-01-24 08:49:52','2025-01-24 08:49:52'),(618,1,0,1,38,1,NULL,'2025-01-24 08:49:52','2025-01-24 08:49:52'),(619,1,0,1,39,1,NULL,'2025-01-24 08:49:52','2025-01-24 08:49:52'),(620,1,0,1,40,1,NULL,'2025-01-24 08:49:52','2025-01-24 08:49:52'),(621,1,0,1,41,1,NULL,'2025-01-24 08:49:52','2025-01-24 08:49:52'),(622,1,0,1,42,1,NULL,'2025-01-24 08:49:52','2025-01-24 08:49:52'),(623,1,0,1,43,1,NULL,'2025-01-24 08:49:52','2025-01-24 08:49:52'),(624,1,0,1,44,1,NULL,'2025-01-24 08:49:52','2025-01-24 08:49:52'),(625,1,0,1,45,1,NULL,'2025-01-24 08:49:52','2025-01-24 08:49:52'),(626,1,0,1,46,1,NULL,'2025-01-24 08:49:52','2025-01-24 08:49:52'),(627,1,0,1,47,1,NULL,'2025-01-24 08:49:52','2025-01-24 08:49:52'),(628,1,0,1,48,1,NULL,'2025-01-24 08:49:52','2025-01-24 08:49:52'),(629,1,0,1,49,1,NULL,'2025-01-24 08:49:52','2025-01-24 08:49:52'),(630,1,0,1,50,1,NULL,'2025-01-24 08:49:52','2025-01-24 08:49:52'),(631,1,0,1,51,1,NULL,'2025-01-24 08:49:52','2025-01-24 08:49:52'),(632,1,0,1,52,1,NULL,'2025-01-24 08:49:52','2025-01-24 08:49:52'),(633,1,0,1,53,1,NULL,'2025-01-24 08:49:52','2025-01-24 08:49:52'),(634,1,0,1,54,1,NULL,'2025-01-24 08:49:52','2025-01-24 08:49:52'),(635,1,0,1,55,1,NULL,'2025-01-24 08:49:52','2025-01-24 08:49:52'),(636,1,0,1,56,1,NULL,'2025-01-24 08:49:52','2025-01-24 08:49:52'),(637,1,0,1,57,1,NULL,'2025-01-24 08:49:52','2025-01-24 08:49:52'),(638,1,0,1,58,1,NULL,'2025-01-24 08:49:52','2025-01-24 08:49:52'),(639,1,0,1,59,1,NULL,'2025-01-24 08:49:52','2025-01-24 08:49:52'),(640,1,0,1,60,1,NULL,'2025-01-24 08:49:52','2025-01-24 08:49:52'),(641,1,0,1,61,1,NULL,'2025-01-24 08:49:52','2025-01-24 08:49:52'),(642,1,0,1,62,1,NULL,'2025-01-24 08:49:52','2025-01-24 08:49:52'),(643,1,0,1,63,1,NULL,'2025-01-24 08:49:52','2025-01-24 08:49:52'),(644,1,0,1,64,1,NULL,'2025-01-24 08:49:52','2025-01-24 08:49:52'),(645,1,0,1,65,1,NULL,'2025-01-24 08:49:52','2025-01-24 08:49:52'),(646,1,0,1,66,1,NULL,'2025-01-24 08:49:52','2025-01-24 08:49:52'),(647,1,0,1,67,1,NULL,'2025-01-24 08:49:52','2025-01-24 08:49:52'),(648,1,0,1,68,1,NULL,'2025-01-24 08:49:52','2025-01-24 08:49:52'),(649,1,0,1,69,1,NULL,'2025-01-24 08:49:52','2025-01-24 08:49:52'),(650,1,0,1,70,1,NULL,'2025-01-24 08:49:52','2025-01-24 08:49:52'),(651,1,0,1,71,1,NULL,'2025-01-24 08:49:52','2025-01-24 08:49:52'),(652,1,0,1,72,1,NULL,'2025-01-24 08:49:52','2025-01-24 08:49:52'),(653,1,0,1,73,1,NULL,'2025-01-24 08:49:52','2025-01-24 08:49:52'),(654,1,0,1,74,1,NULL,'2025-01-24 08:49:52','2025-01-24 08:49:52'),(655,1,0,1,75,1,NULL,'2025-01-24 08:49:52','2025-01-24 08:49:52'),(656,1,0,1,76,1,NULL,'2025-01-24 08:49:52','2025-01-24 08:49:52'),(657,1,0,1,77,1,NULL,'2025-01-24 08:49:52','2025-01-24 08:49:52'),(658,1,0,1,78,1,NULL,'2025-01-24 08:49:52','2025-01-24 08:49:52');
/*!40000 ALTER TABLE `role_actions` ENABLE KEYS */;
UNLOCK TABLES;

--
-- Table structure for table `role_menu_actions`
--

DROP TABLE IF EXISTS `role_menu_actions`;
/*!40101 SET @saved_cs_client     = @@character_set_client */;
/*!50503 SET character_set_client = utf8mb4 */;
CREATE TABLE `role_menu_actions` (
  `id` int NOT NULL AUTO_INCREMENT,
  `isDeleted` tinyint(1) DEFAULT '0',
  `title` varchar(255) NOT NULL,
  `list` varchar(255) DEFAULT NULL,
  `clientPath` varchar(255) DEFAULT NULL,
  `serverPath` varchar(255) DEFAULT NULL,
  `requestMethod` enum('GET','POST','PUT','PATCH','DELETE','') DEFAULT NULL,
  `key` varchar(255) NOT NULL,
  `roleMenuId` int NOT NULL,
  `createdAt` datetime NOT NULL,
  `updatedAt` datetime NOT NULL,
  PRIMARY KEY (`id`),
  KEY `roleMenuId` (`roleMenuId`),
  CONSTRAINT `role_menu_actions_ibfk_1` FOREIGN KEY (`roleMenuId`) REFERENCES `role_menus` (`id`)
) ENGINE=InnoDB AUTO_INCREMENT=79 DEFAULT CHARSET=utf8mb4 COLLATE=utf8mb4_0900_ai_ci;
/*!40101 SET character_set_client = @saved_cs_client */;

--
-- Dumping data for table `role_menu_actions`
--

LOCK TABLES `role_menu_actions` WRITE;
/*!40000 ALTER TABLE `role_menu_actions` DISABLE KEYS */;
INSERT INTO `role_menu_actions` VALUES (1,0,'View User','Users','/auth/list','/auth/list','GET','view',1,'2024-12-19 08:42:26','2024-12-19 08:42:26'),(2,0,'View Single User','Users','/auth/:id','/auth/:id','GET','view-single',1,'2024-12-19 08:42:26','2024-12-19 08:42:26'),(3,0,'Add User','Users','/auth/create','/auth/create','POST','add',1,'2024-12-19 08:42:26','2024-12-19 08:42:26'),(4,0,'Change Password','Users','/auth/change-password','/auth/change-password','PUT','change-password',1,'2024-12-19 08:42:26','2024-12-19 08:42:26'),(5,0,'Reset Password','Users','/auth/reset-password/:id','/auth/reset-password/:id','PUT','reset-password',1,'2024-12-19 08:42:26','2024-12-19 08:42:26'),(6,0,'Edit User','Users','/auth/:id','/auth/:id','PUT','edit',1,'2024-12-19 08:42:26','2024-12-19 08:42:26'),(7,0,'Delete User','Users','/auth/:id','/auth/:id','DELETE','delete',1,'2024-12-19 08:42:26','2024-12-19 08:42:26'),(8,0,'Edit User','Users','/auth/:id','/auth/:id','PATCH','toggle-isActive',1,'2024-12-19 08:42:26','2024-12-19 08:42:26'),(9,0,'View Roles','Roles','/roles/list','/roles/list','GET','view',2,'2024-12-19 08:42:26','2024-12-19 08:42:26'),(10,0,'View Single Role','Roles','/roles/:id','/roles/:id','GET','view-single',2,'2024-12-19 08:42:26','2024-12-19 08:42:26'),(11,0,'Add Roles','Roles','/roles','/roles','POST','add',2,'2024-12-19 08:42:26','2024-12-19 08:42:26'),(12,0,'Edit Roles','Roles','/roles/:id','/roles/:id','PUT','edit',2,'2024-12-19 08:42:26','2024-12-19 08:42:26'),(13,0,'Delete Roles','Roles','/roles/:id','/roles/:id','DELETE','delete',2,'2024-12-19 08:42:26','2024-12-19 08:42:26'),(14,0,'Add Department','Department','/department','/department','POST','add',3,'2024-12-19 08:42:26','2024-12-19 08:42:26'),(15,0,'View Departments','Department','/department/list','/department/list','GET','view',3,'2024-12-19 08:42:26','2024-12-19 08:42:26'),(16,0,'Views With Random Employee','Department','/department/with-random-employee','/department/with-random-employee','GET','view-with-random-employee',3,'2024-12-19 08:42:26','2024-12-19 08:42:26'),(17,0,'View One Department','Department','/department/:id','/department/:id','GET','view-one',3,'2024-12-19 08:42:26','2024-12-19 08:42:26'),(18,0,'Edit Department','Department','/department/:id','/department/:id','PUT','edit',3,'2024-12-19 08:42:26','2024-12-19 08:42:26'),(19,0,'Delete Department','Department','/department/:id','/department/:id','DELETE','delete',3,'2024-12-19 08:42:26','2024-12-19 08:42:26'),(20,0,'Add Employee','Employee','/employee','/employee','POST','add',4,'2024-12-19 08:42:26','2024-12-19 08:42:26'),(21,0,'View Employees','Employee','/employee/list','/employee/list','GET','view',4,'2024-12-19 08:42:26','2024-12-19 08:42:26'),(22,0,'View One Employee','Employee','/employee/:id','/employee/:id','GET','view-one',4,'2024-12-19 08:42:26','2024-12-19 08:42:26'),(23,0,'Edit Employee','Employee','/employee/:id','/employee/:id','PUT','edit',4,'2024-12-19 08:42:26','2024-12-19 08:42:26'),(24,0,'Delete Employee','Employee','/employee/:id','/employee/:id','DELETE','delete',4,'2024-12-19 08:42:26','2024-12-19 08:42:26'),(25,0,'View Roles Action ','Access Module','/access-module/role-actions','/access-module/role-actions','GET','view-role-action',5,'2024-12-19 08:42:26','2024-12-19 08:42:26'),(26,0,'View Access Module','Access Module','/access-module','/access-module','GET','view-access-module',5,'2024-12-19 08:42:26','2024-12-19 08:42:26'),(27,0,'View One Access Module','Access Module','/access-module/:id','/access-module/:id','GET','view-one-access-module',5,'2024-12-19 08:42:26','2024-12-19 08:42:26'),(28,0,'View  Roles Menu Action','Access Module','/access-module/role-menu-action/list','/access-module/role-menu-action/list','GET','view',5,'2024-12-19 08:42:26','2024-12-19 08:42:26'),(29,0,'View  Roles Menu Action','Access Module','/access-module/role-menu-action/:id','/access-module/role-menu-action/:id','GET','view-one-role-action',5,'2024-12-19 08:42:26','2024-12-19 08:42:26'),(30,0,'View Allowable Action ','Access Module','/access-module/allowable-actions/:id','/access-module/allowable-actions/:id','GET','view-allowable-action',5,'2024-12-19 08:42:26','2024-12-19 08:42:26'),(31,0,'Edit Action Request','Action Request','/action-request/:id','/action-request/:id','PUT','edit',6,'2024-12-19 08:42:26','2024-12-19 08:42:26'),(32,0,'View Action Requests','Action Request','/action-request/list','/action-request/list','GET','view',6,'2024-12-19 08:42:26','2024-12-19 08:42:26'),(33,0,'Add Clip Art','Clip Art','/clip-art','/clip-art','POST','add',7,'2024-12-19 08:42:26','2024-12-19 08:42:26'),(34,0,'View Clip Arts','Clip Art','/clip-art/list','/clip-art/list','GET','view',7,'2024-12-19 08:42:26','2024-12-19 08:42:26'),(35,0,'View One Clip Art','Clip Art','/clip-art/:id','/clip-art/:id','GET','view-one',7,'2024-12-19 08:42:26','2024-12-19 08:42:26'),(36,0,'Edit Clip Art','Clip Art','/clip-art/:id','/clip-art/:id','PUT','edit',7,'2024-12-19 08:42:26','2024-12-19 08:42:26'),(37,0,'Delete Clip Art','Clip Art','/clip-art/:id','/clip-art/:id','DELETE','delete',7,'2024-12-19 08:42:26','2024-12-19 08:42:26'),(38,0,'Add Qna','Qna','/qna','/qna','POST','add',8,'2024-12-19 08:42:26','2024-12-19 08:42:26'),(39,0,'Edit Qna','Qna','/qna/:id','/qna/:id','PUT','edit',8,'2024-12-19 08:42:26','2024-12-19 08:42:26'),(40,0,'Delete Qna','Qna','/qna/:id','/qna/:id','DELETE','delete',8,'2024-12-19 08:42:26','2024-12-19 08:42:26'),(41,0,'Add Time Table Header','Time Table Header','/time-table-header','/time-table-header','POST','add',9,'2024-12-19 08:42:26','2024-12-19 08:42:26'),(42,0,'Edit Time Table Header','Time Table Header','/time-table-header/:id','/time-table-header/:id','PUT','edit-time-table-header-only',9,'2024-12-19 08:42:26','2024-12-19 08:42:26'),(43,0,'Edit Time Table Header And Table','Time Table Header','/time-table-header/updates/:id','/time-table-header/updates/:id','PUT','edit-time-table-header-table',9,'2024-12-19 08:42:26','2024-12-19 08:42:26'),(44,0,'View Time Table Header','Time Table Header','/time-table-header/:id','/time-table-header/:id','GET','view-single',9,'2024-12-19 08:42:26','2024-12-19 08:42:26'),(45,0,'Delete Time Table Headers','Time Table Header','/time-table-header/:id','/time-table-header/:id','DELETE','delete',9,'2024-12-19 08:42:26','2024-12-19 08:42:26'),(46,0,'Add Time Table','Time Table','/time-table','/time-table','POST','add',10,'2024-12-19 08:42:26','2024-12-19 08:42:26'),(47,0,'Edit Time Table','Time Table','/time-table/:id','/time-table/:id','PUT','edit',10,'2024-12-19 08:42:26','2024-12-19 08:42:26'),(48,0,'Delete Time Table','Time Table','/time-table/:id','/time-table/:id','DELETE','delete',10,'2024-12-19 08:42:26','2024-12-19 08:42:26'),(49,0,'Add Media Category','Media Category','/media-category','/media-category','POST','add',11,'2024-12-19 08:42:26','2024-12-19 08:42:26'),(50,0,'View Media Categories','Media Category','/media-category/list','/media-category/list','GET','view',11,'2024-12-19 08:42:26','2024-12-19 08:42:26'),(51,0,'View One Media Category','Media Category','/media-category/:id','/media-category/:id','GET','view-one',11,'2024-12-19 08:42:26','2024-12-19 08:42:26'),(52,0,'Edit Media Category','Media Category','/media-category/:id','/media-category/:id','PUT','edit',11,'2024-12-19 08:42:26','2024-12-19 08:42:26'),(53,0,'Delete Media Category','Media Category','/media-category/:id','/media-category/:id','DELETE','delete',11,'2024-12-19 08:42:26','2024-12-19 08:42:26'),(54,0,'Add Media','Media','/media','/media','POST','add',12,'2024-12-19 08:42:26','2024-12-19 08:42:26'),(55,0,'View Medias','Media','/media/list','/media/list','GET','view',12,'2024-12-19 08:42:26','2024-12-19 08:42:26'),(56,0,'View One Media','Media','/media/:id','/media/:id','GET','view-one',12,'2024-12-19 08:42:26','2024-12-19 08:42:26'),(57,0,'Change Media Name','Media','/media/change-name/:id','/media/change-name/:id','PUT','change-name',12,'2024-12-19 08:42:26','2024-12-19 08:42:26'),(58,0,'Delete Media','Media','/media/:id','/media/:id','DELETE','delete',12,'2024-12-19 08:42:26','2024-12-19 08:42:26'),(59,0,'View One Company Settings','Company Settings','/company-setting','/company-setting','GET','view-one',13,'2024-12-19 08:42:26','2024-12-19 08:42:26'),(60,0,'View By Id Company Settings','Company Settings','/company-setting/:id','/company-setting/:id','GET','view-by-id',13,'2024-12-19 08:42:26','2024-12-19 08:42:26'),(61,0,'Edit Company Settings','Company Settings','/company-setting/:id','/company-setting/:id','PUT','edit',13,'2024-12-19 08:42:26','2024-12-19 08:42:26'),(62,0,'Add Social','Social','/social','/social','POST','add',14,'2024-12-19 08:42:26','2024-12-19 08:42:26'),(63,0,'View Socials','Social','/social/list','/social/list','GET','view',14,'2024-12-19 08:42:26','2024-12-19 08:42:26'),(64,0,'View Social','Social','/social/:id','/social/:id','GET','view-one',14,'2024-12-19 08:42:26','2024-12-19 08:42:26'),(65,0,'Edit Social','Social','/social/:id','/social/:id','PUT','edit',14,'2024-12-19 08:42:26','2024-12-19 08:42:26'),(66,0,'Delete Social','Social','/social/:id','/social/:id','DELETE','delete',14,'2024-12-19 08:42:26','2024-12-19 08:42:26'),(67,0,'View One Company Settings','Company Settings','/company-setting','/company-setting','GET','view',13,'2024-12-20 04:50:06','2024-12-20 04:50:06'),(68,0,'Add Seo','SEO','/seo','/seo','POST','add',15,'2024-12-20 04:50:06','2024-12-20 04:50:06'),(69,0,'View Seo','SEO','/seo/list','/seo/list','GET','view',15,'2024-12-20 04:50:06','2024-12-20 04:50:06'),(70,0,'View One Seo','SEO','/seo/:id','/seo/:id','GET','view-one',15,'2024-12-20 04:50:06','2024-12-20 04:50:06'),(71,0,'Edit Seo','SEO','/seo/:id','/seo/:id','PUT','edit',15,'2024-12-20 04:50:06','2024-12-20 04:50:06'),(72,0,'Delete Seo','SEO','/seo/:id','/seo/:id','DELETE','delete',15,'2024-12-20 04:50:06','2024-12-20 04:50:06'),(73,0,'View Layout','Layout','/layout/list','/layout/list','GET','view',16,'2024-12-20 04:50:06','2024-12-20 04:50:06'),(74,0,'Add Faq','FAQ','/faq','/faq','POST','add',17,'2025-01-24 05:50:24','2025-01-24 05:50:24'),(75,0,'View Faq','FAQ','/faq/list','/faq/list','GET','view',17,'2025-01-24 05:50:24','2025-01-24 05:50:24'),(76,0,'View One Faq','FAQ','/faq/:id','/faq/:id','GET','view-one',17,'2025-01-24 05:50:24','2025-01-24 05:50:24'),(77,0,'Edit Faq','FAQ','/faq/:id','/faq/:id','PUT','edit',17,'2025-01-24 05:50:24','2025-01-24 05:50:24'),(78,0,'Delete Faq','FAQ','/faq/:id','/faq/:id','DELETE','delete',17,'2025-01-24 05:50:24','2025-01-24 05:50:24');
/*!40000 ALTER TABLE `role_menu_actions` ENABLE KEYS */;
UNLOCK TABLES;

--
-- Table structure for table `role_menus`
--

DROP TABLE IF EXISTS `role_menus`;
/*!40101 SET @saved_cs_client     = @@character_set_client */;
/*!50503 SET character_set_client = utf8mb4 */;
CREATE TABLE `role_menus` (
  `id` int NOT NULL AUTO_INCREMENT,
  `isDeleted` tinyint(1) DEFAULT '0',
  `title` varchar(255) NOT NULL,
  `key` varchar(255) NOT NULL,
  `createdAt` datetime NOT NULL,
  `updatedAt` datetime NOT NULL,
  PRIMARY KEY (`id`)
) ENGINE=InnoDB AUTO_INCREMENT=18 DEFAULT CHARSET=utf8mb4 COLLATE=utf8mb4_0900_ai_ci;
/*!40101 SET character_set_client = @saved_cs_client */;

--
-- Dumping data for table `role_menus`
--

LOCK TABLES `role_menus` WRITE;
/*!40000 ALTER TABLE `role_menus` DISABLE KEYS */;
INSERT INTO `role_menus` VALUES (1,0,'User','user','2024-12-19 08:42:26','2024-12-19 08:42:26'),(2,0,'Roles','role','2024-12-19 08:42:26','2024-12-19 08:42:26'),(3,0,'Departments','department','2024-12-19 08:42:26','2024-12-19 08:42:26'),(4,0,'Employees','employee','2024-12-19 08:42:26','2024-12-19 08:42:26'),(5,0,'Access Module','accessModule','2024-12-19 08:42:26','2024-12-19 08:42:26'),(6,0,'Action Request','actionRequest','2024-12-19 08:42:26','2024-12-19 08:42:26'),(7,0,'Clip Arts','clipArt','2024-12-19 08:42:26','2024-12-19 08:42:26'),(8,0,'Qna','qna','2024-12-19 08:42:26','2024-12-19 08:42:26'),(9,0,'Time Table Header','timeTableHeader','2024-12-19 08:42:26','2024-12-19 08:42:26'),(10,0,'Time Table','timeTable','2024-12-19 08:42:26','2024-12-19 08:42:26'),(11,0,'Media Category','mediaCategory','2024-12-19 08:42:26','2024-12-19 08:42:26'),(12,0,'Media','media','2024-12-19 08:42:26','2024-12-19 08:42:26'),(13,0,'Company Settings','companySettings','2024-12-19 08:42:26','2024-12-19 08:42:26'),(14,0,'Social','social','2024-12-19 08:42:26','2024-12-19 08:42:26'),(15,0,'Seo','seo','2024-12-20 04:50:06','2024-12-20 04:50:06'),(16,0,'Layout','layout','2024-12-20 04:50:06','2024-12-20 04:50:06'),(17,0,'Faq','faq','2025-01-24 05:50:24','2025-01-24 05:50:24');
/*!40000 ALTER TABLE `role_menus` ENABLE KEYS */;
UNLOCK TABLES;

--
-- Table structure for table `roles`
--

DROP TABLE IF EXISTS `roles`;
/*!40101 SET @saved_cs_client     = @@character_set_client */;
/*!50503 SET character_set_client = utf8mb4 */;
CREATE TABLE `roles` (
  `id` int NOT NULL AUTO_INCREMENT,
  `title` varchar(255) DEFAULT NULL,
  `description` varchar(255) DEFAULT NULL,
  `isActive` tinyint(1) DEFAULT '1',
  `isDeleted` tinyint(1) DEFAULT '0',
  `roleType` enum('developer','admin','user','other') DEFAULT 'admin',
  `createdAt` datetime DEFAULT NULL,
  `updatedAt` datetime DEFAULT NULL,
  PRIMARY KEY (`id`)
) ENGINE=InnoDB AUTO_INCREMENT=11 DEFAULT CHARSET=utf8mb4 COLLATE=utf8mb4_0900_ai_ci;
/*!40101 SET character_set_client = @saved_cs_client */;

--
-- Dumping data for table `roles`
--

LOCK TABLES `roles` WRITE;
/*!40000 ALTER TABLE `roles` DISABLE KEYS */;
INSERT INTO `roles` VALUES (1,'Super Admin','Super Admin',1,0,'developer','2024-12-19 08:42:26','2025-01-24 08:49:52'),(2,'Admin','Admin',1,0,'admin','2024-12-19 08:42:26','2024-12-21 10:19:30'),(4,'test','testing',1,0,'admin','2024-12-21 10:43:35','2024-12-21 10:43:35'),(10,'Editor','Editor',1,0,'admin','2025-01-09 11:45:23','2025-01-24 08:49:43');
/*!40000 ALTER TABLE `roles` ENABLE KEYS */;
UNLOCK TABLES;

--
-- Table structure for table `seo`
--

DROP TABLE IF EXISTS `seo`;
/*!40101 SET @saved_cs_client     = @@character_set_client */;
/*!50503 SET character_set_client = utf8mb4 */;
CREATE TABLE `seo` (
  `id` int NOT NULL AUTO_INCREMENT,
  `title` varchar(255) NOT NULL,
  `description` text NOT NULL,
  `pageName` varchar(255) NOT NULL,
  `author` varchar(255) NOT NULL,
  `keywords` json NOT NULL,
  `og_title` varchar(255) NOT NULL,
  `og_description` varchar(255) NOT NULL,
  `createdAt` datetime NOT NULL,
  `updatedAt` datetime NOT NULL,
  PRIMARY KEY (`id`),
  UNIQUE KEY `page` (`pageName`)
) ENGINE=InnoDB AUTO_INCREMENT=18 DEFAULT CHARSET=utf8mb4 COLLATE=utf8mb4_0900_ai_ci;
/*!40101 SET character_set_client = @saved_cs_client */;

--
-- Dumping data for table `seo`
--

LOCK TABLES `seo` WRITE;
/*!40000 ALTER TABLE `seo` DISABLE KEYS */;
INSERT INTO `seo` VALUES (7,'新卒採用サイト｜株式会社ゼネラルアサヒ','株式会社ゼネラルアサヒの新卒採用サイトです。事業内容や職種紹介、働き方インタビュー、募集要項など、採用に関する情報をお届けしています。','top','GA','[\"GA\"]','新卒採用サイト｜株式会社ゼネラルアサヒ','株式会社ゼネラルアサヒの新卒採用サイトです。事業内容や職種紹介、働き方インタビュー、募集要項など、採用に関する情報をお届けしています。','2025-01-17 12:12:58','2025-01-17 12:12:58'),(10,'S.N.（営業）｜働き方インタビュー｜新卒採用サイト｜株式会社ゼネラルアサヒ','株式会社ゼネラルアサヒの営業職のインタビューです。業務内容や1日のスケジュール、入社の決め手についてご紹介します。','sales01','General Asahi ','[\"General Asahi\", \"GA\"]','S.N.（営業）｜働き方インタビュー｜新卒採用サイト｜株式会社ゼネラルアサヒ','株式会社ゼネラルアサヒの営業職のインタビューです。業務内容や1日のスケジュール、入社の決め手についてご紹介します。','2025-01-20 11:11:16','2025-01-20 11:11:16'),(11,'H.N.（営業）｜働き方インタビュー｜新卒採用サイト｜株式会社ゼネラルアサヒ','株式会社ゼネラルアサヒの営業職のインタビューです。業務内容や1日のスケジュール、入社の決め手についてご紹介します。','sales02','General Asahi ','[\"General Asahi\", \"GA\"]','H.N.（営業）｜働き方インタビュー｜新卒採用サイト｜株式会社ゼネラルアサヒ','株式会社ゼネラルアサヒの営業職のインタビューです。業務内容や1日のスケジュール、入社の決め手についてご紹介します。','2025-01-20 11:12:18','2025-01-20 11:12:18'),(12,'K.M.（グラフィックデザイナー）｜働き方インタビュー｜新卒採用サイト｜株式会社ゼネラルアサヒ','株式会社ゼネラルアサヒのグラフィックデザイナーのインタビューです。業務内容や1日のスケジュール、入社の決め手についてご紹介します。','graphic01','General Asahi ','[\"General Asahi\", \"GA\"]','K.M.（グラフィックデザイナー）｜働き方インタビュー｜新卒採用サイト｜株式会社ゼネラルアサヒ','株式会社ゼネラルアサヒのグラフィックデザイナーのインタビューです。業務内容や1日のスケジュール、入社の決め手についてご紹介します。','2025-01-20 11:13:06','2025-01-20 11:13:06'),(14,'C.Y.（Webデザイナー）｜働き方インタビュー｜新卒採用サイト｜株式会社ゼネラルアサヒ','株式会社ゼネラルアサヒのWebデザイナーのインタビューです。業務内容や1日のスケジュール、入社の決め手についてご紹介します。','web03','General Asahi ','[\"General Asahi\", \"GA\"]','C.Y.（Webデザイナー）｜働き方インタビュー｜新卒採用サイト｜株式会社ゼネラルアサヒ','株式会社ゼネラルアサヒのWebデザイナーのインタビューです。業務内容や1日のスケジュール、入社の決め手についてご紹介します。','2025-01-20 11:14:48','2025-01-20 11:14:48'),(15,'Y.T.（Webディレクター）｜働き方インタビュー｜新卒採用サイト｜株式会社ゼネラルアサヒ','株式会社ゼネラルアサヒのWebディレクターのインタビューです。業務内容や1日のスケジュール、入社の決め手についてご紹介します。','web01','General Asahi ','[\"General Asahi\", \"GA\"]','Y.T.（Webディレクター）｜働き方インタビュー｜新卒採用サイト｜株式会社ゼネラルアサヒ','株式会社ゼネラルアサヒのWebディレクターのインタビューです。業務内容や1日のスケジュール、入社の決め手についてご紹介します。','2025-01-20 11:15:28','2025-01-20 11:44:49'),(16,'E.K.（映像ディレクター）｜働き方インタビュー｜新卒採用サイト｜株式会社ゼネラルアサヒ','株式会社ゼネラルアサヒの映像ディレクターのインタビューです。業務内容や1日のスケジュール、入社の決め手についてご紹介します。','movie01','General Asahi ','[\"General Asahi\", \"GA\"]','E.K.（映像ディレクター）｜働き方インタビュー｜新卒採用サイト｜株式会社ゼネラルアサヒ','株式会社ゼネラルアサヒの映像ディレクターのインタビューです。業務内容や1日のスケジュール、入社の決め手についてご紹介します。','2025-01-20 11:24:16','2025-01-20 11:24:16'),(17,'Y.T.（フロントエンドエンジニア）｜働き方インタビュー｜新卒採用サイト｜株式会社ゼネラルアサヒ','株式会社ゼネラルアサヒのフロントエンドエンジニアのインタビューです。業務内容や1日のスケジュール、入社の決め手についてご紹介します。','web02','General Asahi ','[\"General Asahi \", \"GA\"]','Y.T.（フロントエンドエンジニア）｜働き方インタビュー｜新卒採用サイト｜株式会社ゼネラルアサヒ','株式会社ゼネラルアサヒのフロントエンドエンジニアのインタビューです。業務内容や1日のスケジュール、入社の決め手についてご紹介します。','2025-01-20 11:48:21','2025-01-20 11:48:21');
/*!40000 ALTER TABLE `seo` ENABLE KEYS */;
UNLOCK TABLES;

--
-- Table structure for table `session_logs`
--

DROP TABLE IF EXISTS `session_logs`;
/*!40101 SET @saved_cs_client     = @@character_set_client */;
/*!50503 SET character_set_client = utf8mb4 */;
CREATE TABLE `session_logs` (
  `id` int NOT NULL AUTO_INCREMENT,
  `userId` int NOT NULL,
  `ipAddress` varchar(255) NOT NULL,
  `login` datetime NOT NULL,
  `logout` datetime DEFAULT NULL,
  `userAgent` varchar(255) DEFAULT NULL,
  PRIMARY KEY (`id`),
  KEY `userId` (`userId`),
  CONSTRAINT `session_logs_ibfk_1` FOREIGN KEY (`userId`) REFERENCES `users` (`id`)
) ENGINE=InnoDB AUTO_INCREMENT=209 DEFAULT CHARSET=utf8mb4 COLLATE=utf8mb4_0900_ai_ci;
/*!40101 SET character_set_client = @saved_cs_client */;

--
-- Dumping data for table `session_logs`
--

LOCK TABLES `session_logs` WRITE;
/*!40000 ALTER TABLE `session_logs` DISABLE KEYS */;
INSERT INTO `session_logs` VALUES (1,1,'172.18.0.4','2024-12-19 08:42:35','2024-12-19 08:46:51','{\"browser\":\"Chrome 131.0.0\",\"os\":\"Linux 0.0.0\",\"device\":\"Other 0.0.0\"}'),(2,1,'172.18.0.4','2024-12-19 08:46:51','2024-12-19 08:50:11','{\"browser\":\"Chrome 131.0.0\",\"os\":\"Linux 0.0.0\",\"device\":\"Other 0.0.0\"}'),(3,1,'172.18.0.4','2024-12-19 08:50:11','2024-12-19 09:06:21','{\"browser\":\"Chrome 131.0.0\",\"os\":\"Mac OS X 10.15.7\",\"device\":\"Other 0.0.0\"}'),(4,1,'172.18.0.4','2024-12-19 09:17:06','2024-12-19 09:18:00','{\"browser\":\"Chrome 131.0.0\",\"os\":\"Linux 0.0.0\",\"device\":\"Other 0.0.0\"}'),(5,1,'172.18.0.4','2024-12-19 09:18:00','2024-12-19 09:22:54','{\"browser\":\"Chrome 131.0.0\",\"os\":\"Linux 0.0.0\",\"device\":\"Other 0.0.0\"}'),(6,1,'172.18.0.4','2024-12-19 09:29:23','2024-12-19 09:37:18','{\"browser\":\"Chrome 131.0.0\",\"os\":\"Linux 0.0.0\",\"device\":\"Other 0.0.0\"}'),(7,1,'172.18.0.4','2024-12-19 09:49:58','2024-12-19 09:50:16','{\"browser\":\"Chrome 131.0.0\",\"os\":\"Linux 0.0.0\",\"device\":\"Other 0.0.0\"}'),(8,1,'172.18.0.4','2024-12-19 09:50:25','2024-12-19 09:50:32','{\"browser\":\"Chrome 131.0.0\",\"os\":\"Linux 0.0.0\",\"device\":\"Other 0.0.0\"}'),(9,1,'172.18.0.4','2024-12-19 09:53:58','2024-12-19 10:03:58','{\"browser\":\"Other 0.0.0\",\"os\":\"Other 0.0.0\",\"device\":\"Other 0.0.0\"}'),(10,1,'172.18.0.4','2024-12-19 10:03:58','2024-12-19 10:09:45','{\"browser\":\"Chrome 131.0.0\",\"os\":\"Linux 0.0.0\",\"device\":\"Other 0.0.0\"}'),(11,1,'172.18.0.4','2024-12-19 10:09:45','2024-12-19 10:10:15','{\"browser\":\"Chrome 131.0.0\",\"os\":\"Linux 0.0.0\",\"device\":\"Other 0.0.0\"}'),(12,1,'172.18.0.4','2024-12-19 10:10:15','2024-12-19 10:15:10','{\"browser\":\"Chrome 131.0.0\",\"os\":\"Linux 0.0.0\",\"device\":\"Other 0.0.0\"}'),(13,1,'172.18.0.4','2024-12-19 10:15:15','2024-12-19 15:02:03','{\"browser\":\"Chrome 131.0.0\",\"os\":\"Linux 0.0.0\",\"device\":\"Other 0.0.0\"}'),(14,1,'172.18.0.4','2024-12-19 15:02:30','2024-12-19 15:43:33','{\"browser\":\"Chrome 131.0.0\",\"os\":\"Linux 0.0.0\",\"device\":\"Other 0.0.0\"}'),(15,1,'172.18.0.4','2024-12-19 15:43:33','2024-12-19 18:15:31','{\"browser\":\"Other 0.0.0\",\"os\":\"Other 0.0.0\",\"device\":\"Other 0.0.0\"}'),(16,1,'172.18.0.4','2024-12-19 19:37:12','2024-12-19 19:40:16','{\"browser\":\"Firefox 133.0.0\",\"os\":\"Ubuntu 0.0.0\",\"device\":\"Other 0.0.0\"}'),(17,1,'172.18.0.4','2024-12-19 19:40:17','2024-12-19 20:17:30','{\"browser\":\"Chrome 130.0.0\",\"os\":\"Linux 0.0.0\",\"device\":\"Other 0.0.0\"}'),(18,1,'172.18.0.4','2024-12-19 20:17:30','2024-12-19 21:01:15','{\"browser\":\"Chrome 131.0.0\",\"os\":\"Linux 0.0.0\",\"device\":\"Other 0.0.0\"}'),(19,1,'172.18.0.4','2024-12-19 21:01:18','2024-12-19 21:01:23','{\"browser\":\"Chrome 131.0.0\",\"os\":\"Linux 0.0.0\",\"device\":\"Other 0.0.0\"}'),(20,1,'172.18.0.4','2024-12-19 21:08:47','2024-12-19 21:09:02','{\"browser\":\"Mobile Safari 18.2.0\",\"os\":\"iOS 18.2.0\",\"device\":\"iPhone 0.0.0\"}'),(21,1,'172.18.0.4','2024-12-19 21:09:02','2024-12-19 21:09:06','{\"browser\":\"Chrome 131.0.0\",\"os\":\"Linux 0.0.0\",\"device\":\"Other 0.0.0\"}'),(22,1,'172.18.0.4','2024-12-19 21:15:51','2024-12-19 21:15:58','{\"browser\":\"Chrome 131.0.0\",\"os\":\"Linux 0.0.0\",\"device\":\"Other 0.0.0\"}'),(23,1,'172.18.0.4','2024-12-19 21:16:52','2024-12-19 21:28:53','{\"browser\":\"Mobile Safari 18.2.0\",\"os\":\"iOS 18.2.0\",\"device\":\"iPhone 0.0.0\"}'),(24,1,'172.18.0.4','2024-12-19 21:28:53','2024-12-19 21:28:58','{\"browser\":\"Chrome 131.0.0\",\"os\":\"Linux 0.0.0\",\"device\":\"Other 0.0.0\"}'),(25,1,'172.18.0.4','2024-12-19 21:29:45','2024-12-20 03:41:48','{\"browser\":\"Mobile Safari 18.2.0\",\"os\":\"iOS 18.2.0\",\"device\":\"iPhone 0.0.0\"}'),(26,1,'172.18.0.4','2024-12-20 03:41:52','2024-12-20 03:49:24','{\"browser\":\"Chrome 131.0.0\",\"os\":\"Mac OS X 10.15.7\",\"device\":\"Other 0.0.0\"}'),(27,1,'172.18.0.4','2024-12-20 03:49:24','2024-12-20 04:21:31','{\"browser\":\"Chrome 131.0.0\",\"os\":\"Linux 0.0.0\",\"device\":\"Other 0.0.0\"}'),(28,1,'172.18.0.4','2024-12-20 04:21:31','2024-12-20 04:39:07','{\"browser\":\"Chrome 131.0.0\",\"os\":\"Linux 0.0.0\",\"device\":\"Other 0.0.0\"}'),(29,1,'172.18.0.4','2024-12-20 04:39:07','2024-12-20 04:50:15','{\"browser\":\"Chrome 131.0.0\",\"os\":\"Windows 10.0.0\",\"device\":\"Other 0.0.0\"}'),(30,1,'172.18.0.4','2024-12-20 04:50:21','2024-12-20 04:50:54','{\"browser\":\"Chrome 131.0.0\",\"os\":\"Linux 0.0.0\",\"device\":\"Other 0.0.0\"}'),(31,1,'172.18.0.4','2024-12-20 04:51:05','2024-12-20 05:31:49','{\"browser\":\"Chrome 131.0.0\",\"os\":\"Linux 0.0.0\",\"device\":\"Other 0.0.0\"}'),(32,1,'172.18.0.4','2024-12-20 05:31:49','2024-12-20 06:47:35','{\"browser\":\"Chrome 131.0.0\",\"os\":\"Mac OS X 10.15.7\",\"device\":\"Other 0.0.0\"}'),(33,1,'172.18.0.4','2024-12-20 06:47:42','2024-12-20 08:44:28','{\"browser\":\"Chrome 131.0.0\",\"os\":\"Linux 0.0.0\",\"device\":\"Other 0.0.0\"}'),(34,1,'172.18.0.4','2024-12-20 08:45:22','2024-12-20 09:18:01','{\"browser\":\"Firefox 133.0.0\",\"os\":\"Ubuntu 0.0.0\",\"device\":\"Other 0.0.0\"}'),(35,1,'172.18.0.4','2024-12-20 09:18:02','2024-12-20 09:24:23','{\"browser\":\"Chrome 131.0.0\",\"os\":\"Linux 0.0.0\",\"device\":\"Other 0.0.0\"}'),(36,1,'172.18.0.4','2024-12-20 09:24:25','2024-12-20 09:36:46','{\"browser\":\"Chrome 131.0.0\",\"os\":\"Linux 0.0.0\",\"device\":\"Other 0.0.0\"}'),(37,1,'172.18.0.4','2024-12-20 09:37:00','2024-12-20 09:53:27','{\"browser\":\"Chrome 131.0.0\",\"os\":\"Linux 0.0.0\",\"device\":\"Other 0.0.0\"}'),(38,1,'172.18.0.4','2024-12-20 09:53:32','2024-12-20 10:28:11','{\"browser\":\"Chrome 131.0.0\",\"os\":\"Mac OS X 10.15.7\",\"device\":\"Other 0.0.0\"}'),(39,1,'172.18.0.4','2024-12-20 10:28:11','2024-12-20 12:22:11','{\"browser\":\"Chrome 131.0.0\",\"os\":\"Linux 0.0.0\",\"device\":\"Other 0.0.0\"}'),(40,1,'172.18.0.4','2024-12-20 10:28:11','2024-12-20 10:28:11','{\"browser\":\"Chrome 131.0.0\",\"os\":\"Linux 0.0.0\",\"device\":\"Other 0.0.0\"}'),(41,1,'172.18.0.4','2024-12-20 10:28:11','2024-12-20 11:20:26','{\"browser\":\"Chrome 131.0.0\",\"os\":\"Linux 0.0.0\",\"device\":\"Other 0.0.0\"}'),(42,1,'172.18.0.4','2024-12-20 10:28:11','2024-12-20 11:13:37','{\"browser\":\"Chrome 131.0.0\",\"os\":\"Linux 0.0.0\",\"device\":\"Other 0.0.0\"}'),(43,1,'172.18.0.4','2024-12-20 10:28:11','2024-12-20 11:13:18','{\"browser\":\"Chrome 131.0.0\",\"os\":\"Linux 0.0.0\",\"device\":\"Other 0.0.0\"}'),(44,1,'172.18.0.4','2024-12-20 11:13:37','2024-12-20 11:20:12','{\"browser\":\"Chrome 131.0.0\",\"os\":\"Linux 0.0.0\",\"device\":\"Other 0.0.0\"}'),(45,1,'172.18.0.4','2024-12-20 11:20:26','2024-12-20 12:22:10','{\"browser\":\"Chrome 131.0.0\",\"os\":\"Mac OS X 10.15.7\",\"device\":\"Other 0.0.0\"}'),(46,1,'172.18.0.4','2024-12-20 12:22:11','2024-12-20 13:06:15','{\"browser\":\"Chrome 131.0.0\",\"os\":\"Mac OS X 10.15.7\",\"device\":\"Other 0.0.0\"}'),(47,1,'172.18.0.4','2024-12-20 13:06:28','2024-12-21 03:39:05','{\"browser\":\"Chrome 131.0.0\",\"os\":\"Mac OS X 10.15.7\",\"device\":\"Other 0.0.0\"}'),(48,1,'172.18.0.4','2024-12-21 03:39:08','2024-12-21 04:42:23','{\"browser\":\"Chrome 131.0.0\",\"os\":\"Mac OS X 10.15.7\",\"device\":\"Other 0.0.0\"}'),(49,1,'172.18.0.4','2024-12-21 04:42:23','2024-12-21 06:08:17','{\"browser\":\"Chrome 131.0.0\",\"os\":\"Windows 10.0.0\",\"device\":\"Other 0.0.0\"}'),(50,1,'172.18.0.4','2024-12-21 06:09:17','2024-12-21 06:51:31','{\"browser\":\"Firefox 133.0.0\",\"os\":\"Ubuntu 0.0.0\",\"device\":\"Other 0.0.0\"}'),(51,2,'172.18.0.4','2024-12-21 06:51:44','2024-12-21 06:52:01','{\"browser\":\"Firefox 133.0.0\",\"os\":\"Ubuntu 0.0.0\",\"device\":\"Other 0.0.0\"}'),(52,1,'172.18.0.4','2024-12-21 06:52:29','2024-12-21 09:02:16','{\"browser\":\"Firefox 133.0.0\",\"os\":\"Ubuntu 0.0.0\",\"device\":\"Other 0.0.0\"}'),(53,1,'172.18.0.4','2024-12-21 09:02:18','2024-12-21 09:24:33','{\"browser\":\"Chrome 131.0.0\",\"os\":\"Linux 0.0.0\",\"device\":\"Other 0.0.0\"}'),(54,1,'172.18.0.4','2024-12-21 09:24:49','2024-12-21 09:28:10','{\"browser\":\"Firefox 133.0.0\",\"os\":\"Ubuntu 0.0.0\",\"device\":\"Other 0.0.0\"}'),(55,1,'172.18.0.4','2024-12-21 09:28:23','2024-12-21 09:31:41','{\"browser\":\"Firefox 133.0.0\",\"os\":\"Ubuntu 0.0.0\",\"device\":\"Other 0.0.0\"}'),(56,1,'172.18.0.4','2024-12-21 09:31:43','2024-12-21 09:59:02','{\"browser\":\"Chrome 131.0.0\",\"os\":\"Linux 0.0.0\",\"device\":\"Other 0.0.0\"}'),(57,1,'172.18.0.4','2024-12-21 09:59:04','2024-12-21 10:14:42','{\"browser\":\"Chrome 131.0.0\",\"os\":\"Linux 0.0.0\",\"device\":\"Other 0.0.0\"}'),(58,1,'172.18.0.4','2024-12-21 10:14:44','2024-12-21 10:16:55','{\"browser\":\"Chrome 131.0.0\",\"os\":\"Mac OS X 10.15.7\",\"device\":\"Other 0.0.0\"}'),(59,3,'172.18.0.4','2024-12-21 10:16:59','2024-12-21 10:17:32','{\"browser\":\"Chrome 131.0.0\",\"os\":\"Mac OS X 10.15.7\",\"device\":\"Other 0.0.0\"}'),(60,1,'172.18.0.4','2024-12-21 10:17:35','2024-12-21 10:17:38','{\"browser\":\"Chrome 131.0.0\",\"os\":\"Mac OS X 10.15.7\",\"device\":\"Other 0.0.0\"}'),(61,1,'172.18.0.4','2024-12-21 10:17:38','2024-12-21 10:19:57','{\"browser\":\"Chrome 131.0.0\",\"os\":\"Linux 0.0.0\",\"device\":\"Other 0.0.0\"}'),(62,1,'172.18.0.4','2024-12-21 10:19:57','2024-12-21 10:20:23','{\"browser\":\"Chrome Mobile 131.0.0\",\"os\":\"Android 6.0.0\",\"device\":\"Nexus 5 0.0.0\"}'),(63,3,'172.18.0.4','2024-12-21 10:20:26','2024-12-21 10:22:06','{\"browser\":\"Chrome 131.0.0\",\"os\":\"Mac OS X 10.15.7\",\"device\":\"Other 0.0.0\"}'),(64,1,'172.18.0.4','2024-12-21 10:21:22','2024-12-21 10:21:32','{\"browser\":\"Chrome 131.0.0\",\"os\":\"Linux 0.0.0\",\"device\":\"Other 0.0.0\"}'),(65,1,'172.18.0.4','2024-12-21 10:21:32','2024-12-21 10:22:09','{\"browser\":\"Chrome 131.0.0\",\"os\":\"Linux 0.0.0\",\"device\":\"Other 0.0.0\"}'),(66,1,'172.18.0.4','2024-12-21 10:22:09','2024-12-21 10:23:37','{\"browser\":\"Chrome 131.0.0\",\"os\":\"Mac OS X 10.15.7\",\"device\":\"Other 0.0.0\"}'),(67,1,'172.18.0.4','2024-12-21 10:23:37','2024-12-21 10:23:59','{\"browser\":\"Chrome Mobile 131.0.0\",\"os\":\"Android 6.0.0\",\"device\":\"Nexus 5 0.0.0\"}'),(68,4,'172.18.0.4','2024-12-21 10:24:28','2024-12-21 10:25:20','{\"browser\":\"Chrome 131.0.0\",\"os\":\"Linux 0.0.0\",\"device\":\"Other 0.0.0\"}'),(69,1,'172.18.0.4','2024-12-21 10:25:24','2024-12-21 10:25:37','{\"browser\":\"Chrome 131.0.0\",\"os\":\"Linux 0.0.0\",\"device\":\"Other 0.0.0\"}'),(70,1,'172.18.0.4','2024-12-21 10:34:57','2024-12-21 10:35:17','{\"browser\":\"Chrome 131.0.0\",\"os\":\"Linux 0.0.0\",\"device\":\"Other 0.0.0\"}'),(71,1,'172.18.0.4','2024-12-21 10:35:17','2024-12-21 10:35:23','{\"browser\":\"Chrome 131.0.0\",\"os\":\"Linux 0.0.0\",\"device\":\"Other 0.0.0\"}'),(72,4,'172.18.0.4','2024-12-21 10:35:31','2024-12-21 10:35:33','{\"browser\":\"Chrome 131.0.0\",\"os\":\"Linux 0.0.0\",\"device\":\"Other 0.0.0\"}'),(73,1,'172.18.0.4','2024-12-21 10:35:42','2024-12-21 10:36:03','{\"browser\":\"Chrome 131.0.0\",\"os\":\"Linux 0.0.0\",\"device\":\"Other 0.0.0\"}'),(74,4,'172.18.0.4','2024-12-21 10:36:07','2024-12-21 10:45:10','{\"browser\":\"Chrome 131.0.0\",\"os\":\"Linux 0.0.0\",\"device\":\"Other 0.0.0\"}'),(75,1,'172.18.0.4','2024-12-21 10:37:08','2024-12-21 10:41:01','{\"browser\":\"Chrome 131.0.0\",\"os\":\"Linux 0.0.0\",\"device\":\"Other 0.0.0\"}'),(76,5,'172.18.0.4','2024-12-21 10:41:10','2024-12-21 10:49:52','{\"browser\":\"Chrome 131.0.0\",\"os\":\"Linux 0.0.0\",\"device\":\"Other 0.0.0\"}'),(77,1,'172.18.0.4','2024-12-21 10:43:23','2024-12-21 10:43:53','{\"browser\":\"Chrome 131.0.0\",\"os\":\"Linux 0.0.0\",\"device\":\"Other 0.0.0\"}'),(78,4,'172.18.0.4','2024-12-21 10:45:10','2024-12-21 10:46:15','{\"browser\":\"Firefox 133.0.0\",\"os\":\"Ubuntu 0.0.0\",\"device\":\"Other 0.0.0\"}'),(79,4,'172.18.0.4','2024-12-21 10:46:19',NULL,'{\"browser\":\"Firefox 133.0.0\",\"os\":\"Ubuntu 0.0.0\",\"device\":\"Other 0.0.0\"}'),(80,1,'172.18.0.4','2024-12-21 10:49:54','2024-12-21 11:06:10','{\"browser\":\"Chrome 131.0.0\",\"os\":\"Linux 0.0.0\",\"device\":\"Other 0.0.0\"}'),(81,1,'172.18.0.4','2024-12-21 11:06:12','2024-12-22 04:25:08','{\"browser\":\"Chrome 131.0.0\",\"os\":\"Windows 10.0.0\",\"device\":\"Other 0.0.0\"}'),(82,1,'172.18.0.4','2024-12-22 04:25:11','2024-12-22 06:34:38','{\"browser\":\"Chrome 131.0.0\",\"os\":\"Linux 0.0.0\",\"device\":\"Other 0.0.0\"}'),(83,1,'172.18.0.4','2024-12-22 06:34:38','2024-12-22 09:22:58','{\"browser\":\"Chrome 131.0.0\",\"os\":\"Mac OS X 10.15.7\",\"device\":\"Other 0.0.0\"}'),(84,1,'172.18.0.4','2024-12-22 09:23:00','2024-12-22 09:25:46','{\"browser\":\"Chrome 131.0.0\",\"os\":\"Linux 0.0.0\",\"device\":\"Other 0.0.0\"}'),(85,2,'172.18.0.4','2024-12-22 09:26:10','2024-12-22 09:26:35','{\"browser\":\"Chrome 131.0.0\",\"os\":\"Linux 0.0.0\",\"device\":\"Other 0.0.0\"}'),(86,1,'172.18.0.4','2024-12-22 09:27:09','2024-12-22 09:29:20','{\"browser\":\"Chrome 131.0.0\",\"os\":\"Linux 0.0.0\",\"device\":\"Other 0.0.0\"}'),(87,1,'172.18.0.4','2024-12-22 09:29:20','2024-12-22 09:40:30','{\"browser\":\"Chrome 131.0.0\",\"os\":\"Linux 0.0.0\",\"device\":\"Other 0.0.0\"}'),(88,2,'172.18.0.4','2024-12-22 09:40:42','2024-12-22 09:41:20','{\"browser\":\"Chrome 131.0.0\",\"os\":\"Linux 0.0.0\",\"device\":\"Other 0.0.0\"}'),(89,1,'172.18.0.4','2024-12-22 09:41:25','2024-12-22 09:42:57','{\"browser\":\"Chrome 131.0.0\",\"os\":\"Linux 0.0.0\",\"device\":\"Other 0.0.0\"}'),(90,2,'172.18.0.4','2024-12-22 09:43:07','2024-12-22 09:43:59','{\"browser\":\"Chrome 131.0.0\",\"os\":\"Linux 0.0.0\",\"device\":\"Other 0.0.0\"}'),(91,2,'172.18.0.4','2024-12-22 10:02:51','2024-12-22 10:03:10','{\"browser\":\"Firefox 133.0.0\",\"os\":\"Ubuntu 0.0.0\",\"device\":\"Other 0.0.0\"}'),(92,1,'172.18.0.4','2024-12-22 10:03:27','2024-12-22 10:13:20','{\"browser\":\"Firefox 133.0.0\",\"os\":\"Ubuntu 0.0.0\",\"device\":\"Other 0.0.0\"}'),(93,1,'172.18.0.4','2024-12-22 10:13:20','2024-12-22 10:22:13','{\"browser\":\"Chrome 131.0.0\",\"os\":\"Linux 0.0.0\",\"device\":\"Other 0.0.0\"}'),(94,2,'172.18.0.4','2024-12-22 10:22:20','2024-12-22 10:22:50','{\"browser\":\"Chrome 131.0.0\",\"os\":\"Linux 0.0.0\",\"device\":\"Other 0.0.0\"}'),(95,1,'172.18.0.4','2024-12-22 10:22:57','2024-12-22 10:53:12','{\"browser\":\"Chrome 131.0.0\",\"os\":\"Linux 0.0.0\",\"device\":\"Other 0.0.0\"}'),(96,1,'172.18.0.4','2024-12-22 10:53:12','2024-12-22 11:21:35','{\"browser\":\"Chrome 131.0.0\",\"os\":\"Linux 0.0.0\",\"device\":\"Other 0.0.0\"}'),(97,1,'172.18.0.4','2024-12-22 11:21:35','2024-12-22 12:53:30','{\"browser\":\"Chrome 131.0.0\",\"os\":\"Windows 10.0.0\",\"device\":\"Other 0.0.0\"}'),(98,1,'172.18.0.4','2024-12-22 12:53:38','2024-12-22 14:03:04','{\"browser\":\"Chrome 131.0.0\",\"os\":\"Mac OS X 10.15.7\",\"device\":\"Other 0.0.0\"}'),(99,1,'172.18.0.4','2024-12-22 14:03:04','2024-12-22 14:15:38','{\"browser\":\"Chrome 131.0.0\",\"os\":\"Mac OS X 10.15.7\",\"device\":\"Other 0.0.0\"}'),(100,1,'172.18.0.4','2024-12-22 14:15:41','2024-12-22 14:27:10','{\"browser\":\"Chrome 131.0.0\",\"os\":\"Linux 0.0.0\",\"device\":\"Other 0.0.0\"}'),(101,1,'172.18.0.4','2024-12-22 14:27:10','2024-12-22 14:56:39','{\"browser\":\"Chrome 131.0.0\",\"os\":\"Mac OS X 10.15.7\",\"device\":\"Other 0.0.0\"}'),(102,1,'172.18.0.4','2024-12-22 14:56:41','2024-12-22 15:46:05','{\"browser\":\"Chrome 131.0.0\",\"os\":\"Mac OS X 10.15.7\",\"device\":\"Other 0.0.0\"}'),(103,1,'172.18.0.4','2024-12-22 15:47:28','2024-12-22 15:48:17','{\"browser\":\"Chrome 131.0.0\",\"os\":\"Linux 0.0.0\",\"device\":\"Other 0.0.0\"}'),(104,9,'172.18.0.4','2024-12-22 15:48:28','2024-12-22 15:48:50','{\"browser\":\"Chrome 131.0.0\",\"os\":\"Linux 0.0.0\",\"device\":\"Other 0.0.0\"}'),(105,2,'172.18.0.4','2024-12-22 15:53:04','2024-12-22 16:10:59','{\"browser\":\"Firefox 133.0.0\",\"os\":\"Ubuntu 0.0.0\",\"device\":\"Other 0.0.0\"}'),(106,2,'172.18.0.4','2024-12-22 16:10:59','2024-12-22 16:18:50','{\"browser\":\"Chrome 131.0.0\",\"os\":\"Linux 0.0.0\",\"device\":\"Other 0.0.0\"}'),(107,2,'172.18.0.4','2024-12-23 03:35:53','2024-12-23 03:36:16','{\"browser\":\"Mobile Safari 16.6.0\",\"os\":\"iOS 16.6.0\",\"device\":\"iPad 0.0.0\"}'),(108,2,'172.18.0.4','2024-12-23 03:37:55','2024-12-23 03:38:08','{\"browser\":\"Chrome 131.0.0\",\"os\":\"Linux 0.0.0\",\"device\":\"Other 0.0.0\"}'),(109,2,'172.18.0.4','2024-12-23 03:38:08','2024-12-23 03:39:26','{\"browser\":\"Chrome 131.0.0\",\"os\":\"Mac OS X 10.15.7\",\"device\":\"Other 0.0.0\"}'),(110,3,'172.18.0.4','2024-12-23 05:15:10','2024-12-23 07:05:08','{\"browser\":\"Chrome 131.0.0\",\"os\":\"Mac OS X 10.15.7\",\"device\":\"Other 0.0.0\"}'),(111,2,'172.18.0.4','2024-12-23 05:40:00','2024-12-23 07:04:50','{\"browser\":\"Chrome 131.0.0\",\"os\":\"Windows 10.0.0\",\"device\":\"Other 0.0.0\"}'),(112,2,'172.18.0.4','2024-12-23 07:04:50','2024-12-23 07:04:52','{\"browser\":\"Firefox 133.0.0\",\"os\":\"Ubuntu 0.0.0\",\"device\":\"Other 0.0.0\"}'),(113,3,'172.18.0.4','2024-12-23 07:05:10','2024-12-23 07:33:40','{\"browser\":\"Chrome 131.0.0\",\"os\":\"Mac OS X 10.15.7\",\"device\":\"Other 0.0.0\"}'),(114,1,'172.18.0.4','2024-12-23 07:20:24','2024-12-23 07:20:36','{\"browser\":\"Chrome 131.0.0\",\"os\":\"Linux 0.0.0\",\"device\":\"Other 0.0.0\"}'),(115,1,'172.18.0.4','2024-12-23 07:20:36','2024-12-23 07:21:14','{\"browser\":\"Chrome 131.0.0\",\"os\":\"Linux 0.0.0\",\"device\":\"Other 0.0.0\"}'),(116,1,'172.18.0.4','2024-12-23 07:21:14','2024-12-23 07:33:10','{\"browser\":\"Chrome 131.0.0\",\"os\":\"Linux 0.0.0\",\"device\":\"Other 0.0.0\"}'),(117,1,'172.18.0.4','2024-12-23 07:33:10','2024-12-23 07:33:52','{\"browser\":\"Firefox 133.0.0\",\"os\":\"Ubuntu 0.0.0\",\"device\":\"Other 0.0.0\"}'),(118,1,'172.18.0.4','2024-12-23 07:33:52','2024-12-23 07:34:40','{\"browser\":\"Chrome 131.0.0\",\"os\":\"Mac OS X 10.15.7\",\"device\":\"Other 0.0.0\"}'),(119,1,'172.18.0.4','2024-12-23 07:34:40','2024-12-23 07:36:10','{\"browser\":\"Chrome 131.0.0\",\"os\":\"Mac OS X 10.15.7\",\"device\":\"Other 0.0.0\"}'),(120,1,'172.18.0.4','2024-12-23 07:36:10','2024-12-23 07:39:42','{\"browser\":\"Chrome 128.0.0\",\"os\":\"Mac OS X 10.15.7\",\"device\":\"Other 0.0.0\"}'),(121,3,'172.18.0.4','2024-12-23 07:39:49','2024-12-23 07:40:32','{\"browser\":\"Chrome 131.0.0\",\"os\":\"Mac OS X 10.15.7\",\"device\":\"Other 0.0.0\"}'),(122,1,'172.18.0.4','2024-12-23 07:52:22','2024-12-23 07:54:35','{\"browser\":\"Firefox 133.0.0\",\"os\":\"Ubuntu 0.0.0\",\"device\":\"Other 0.0.0\"}'),(123,1,'172.18.0.4','2024-12-23 07:54:35','2024-12-23 08:00:57','{\"browser\":\"Chrome 131.0.0\",\"os\":\"Linux 0.0.0\",\"device\":\"Other 0.0.0\"}'),(124,1,'172.18.0.4','2024-12-23 08:00:57','2024-12-23 09:17:52','{\"browser\":\"Chrome 131.0.0\",\"os\":\"Linux 0.0.0\",\"device\":\"Other 0.0.0\"}'),(125,1,'172.18.0.4','2024-12-23 09:17:52','2024-12-23 09:19:17','{\"browser\":\"Firefox 133.0.0\",\"os\":\"Linux 0.0.0\",\"device\":\"Other 0.0.0\"}'),(126,1,'172.18.0.4','2024-12-23 09:19:18','2024-12-23 10:11:50','{\"browser\":\"Chrome 131.0.0\",\"os\":\"Linux 0.0.0\",\"device\":\"Other 0.0.0\"}'),(127,1,'172.18.0.4','2024-12-23 10:11:50','2024-12-23 10:41:00','{\"browser\":\"Chrome 131.0.0\",\"os\":\"Linux 0.0.0\",\"device\":\"Other 0.0.0\"}'),(128,2,'172.18.0.4','2024-12-23 10:27:38','2024-12-25 04:36:11','{\"browser\":\"Chrome 131.0.0\",\"os\":\"Windows 10.0.0\",\"device\":\"Other 0.0.0\"}'),(129,3,'172.18.0.4','2024-12-23 10:58:31','2024-12-23 10:59:01','{\"browser\":\"Chrome 131.0.0\",\"os\":\"Mac OS X 10.15.7\",\"device\":\"Other 0.0.0\"}'),(130,3,'172.18.0.4','2024-12-23 11:00:23','2024-12-23 11:00:41','{\"browser\":\"Chrome 131.0.0\",\"os\":\"Mac OS X 10.15.7\",\"device\":\"Other 0.0.0\"}'),(131,1,'172.18.0.4','2024-12-23 11:00:47','2024-12-23 11:03:23','{\"browser\":\"Chrome 131.0.0\",\"os\":\"Mac OS X 10.15.7\",\"device\":\"Other 0.0.0\"}'),(132,1,'172.18.0.4','2024-12-23 11:03:41','2024-12-23 11:06:36','{\"browser\":\"Chrome 131.0.0\",\"os\":\"Mac OS X 10.15.7\",\"device\":\"Other 0.0.0\"}'),(133,1,'172.18.0.4','2024-12-23 11:06:36','2024-12-23 11:07:10','{\"browser\":\"Chrome 131.0.0\",\"os\":\"Windows 10.0.0\",\"device\":\"Other 0.0.0\"}'),(134,1,'172.18.0.4','2024-12-23 11:08:00','2024-12-23 23:41:00','{\"browser\":\"Chrome 131.0.0\",\"os\":\"Mac OS X 10.15.7\",\"device\":\"Other 0.0.0\"}'),(135,1,'172.18.0.4','2024-12-23 23:41:00','2024-12-24 00:05:20','{\"browser\":\"Chrome 131.0.0\",\"os\":\"Mac OS X 10.15.7\",\"device\":\"Other 0.0.0\"}'),(136,1,'172.18.0.4','2024-12-24 00:05:20','2024-12-24 09:33:02','{\"browser\":\"Chrome 131.0.0\",\"os\":\"Mac OS X 10.15.7\",\"device\":\"Other 0.0.0\"}'),(137,1,'172.18.0.4','2024-12-24 09:33:02','2024-12-25 04:37:38','{\"browser\":\"Chrome 131.0.0\",\"os\":\"Mac OS X 10.15.7\",\"device\":\"Other 0.0.0\"}'),(138,2,'172.18.0.4','2024-12-25 04:36:11','2024-12-25 04:37:02','{\"browser\":\"Chrome 131.0.0\",\"os\":\"Windows 10.0.0\",\"device\":\"Other 0.0.0\"}'),(139,1,'172.18.0.4','2024-12-25 04:37:38','2024-12-26 04:39:44','{\"browser\":\"Chrome 131.0.0\",\"os\":\"Windows 10.0.0\",\"device\":\"Other 0.0.0\"}'),(140,1,'172.18.0.4','2024-12-26 04:40:29','2024-12-26 06:38:39','{\"browser\":\"Chrome 131.0.0\",\"os\":\"Linux 0.0.0\",\"device\":\"Other 0.0.0\"}'),(141,1,'172.18.0.4','2024-12-26 06:38:39','2024-12-26 07:20:41','{\"browser\":\"Chrome 131.0.0\",\"os\":\"Windows 10.0.0\",\"device\":\"Other 0.0.0\"}'),(142,1,'172.18.0.4','2024-12-26 07:20:41','2024-12-26 07:24:12','{\"browser\":\"Chrome 131.0.0\",\"os\":\"Mac OS X 10.15.7\",\"device\":\"Other 0.0.0\"}'),(143,1,'172.18.0.4','2024-12-26 07:37:18','2024-12-26 10:17:36','{\"browser\":\"Chrome 131.0.0\",\"os\":\"Mac OS X 10.15.7\",\"device\":\"Other 0.0.0\"}'),(144,1,'172.18.0.4','2024-12-26 10:17:41','2024-12-27 06:56:40','{\"browser\":\"Chrome 131.0.0\",\"os\":\"Mac OS X 10.15.7\",\"device\":\"Other 0.0.0\"}'),(145,1,'172.18.0.4','2024-12-27 06:56:41','2024-12-27 08:35:33','{\"browser\":\"Chrome Mobile 131.0.0\",\"os\":\"Android 6.0.0\",\"device\":\"Nexus 5 0.0.0\"}'),(146,1,'172.18.0.4','2024-12-27 08:35:33','2024-12-27 08:36:17','{\"browser\":\"Chrome 131.0.0\",\"os\":\"Windows 10.0.0\",\"device\":\"Other 0.0.0\"}'),(147,1,'172.18.0.4','2024-12-27 11:17:25','2024-12-30 08:31:13','{\"browser\":\"Chrome 131.0.0\",\"os\":\"Windows 10.0.0\",\"device\":\"Other 0.0.0\"}'),(148,1,'172.18.0.4','2024-12-30 08:31:14','2025-01-01 01:20:13','{\"browser\":\"Chrome 131.0.0\",\"os\":\"Windows 10.0.0\",\"device\":\"Other 0.0.0\"}'),(149,1,'172.18.0.4','2025-01-01 01:20:13','2025-01-01 10:17:56','{\"browser\":\"Chrome 131.0.0\",\"os\":\"Windows 10.0.0\",\"device\":\"Other 0.0.0\"}'),(150,1,'172.18.0.4','2025-01-01 10:17:58','2025-01-02 05:12:49','{\"browser\":\"Chrome 131.0.0\",\"os\":\"Windows 10.0.0\",\"device\":\"Other 0.0.0\"}'),(151,1,'172.18.0.4','2025-01-02 05:12:49','2025-01-02 05:12:55','{\"browser\":\"Chrome Mobile 131.0.0\",\"os\":\"Android 6.0.0\",\"device\":\"Nexus 5 0.0.0\"}'),(152,1,'172.18.0.4','2025-01-02 05:12:57','2025-01-02 05:33:44','{\"browser\":\"Chrome 131.0.0\",\"os\":\"Windows 10.0.0\",\"device\":\"Other 0.0.0\"}'),(153,1,'172.18.0.4','2025-01-02 06:38:35','2025-01-03 11:33:05','{\"browser\":\"Chrome 131.0.0\",\"os\":\"Windows 10.0.0\",\"device\":\"Other 0.0.0\"}'),(154,1,'172.18.0.4','2025-01-03 11:33:05','2025-01-03 11:40:56','{\"browser\":\"Chrome 131.0.0\",\"os\":\"Windows 10.0.0\",\"device\":\"Other 0.0.0\"}'),(155,1,'172.18.0.4','2025-01-03 11:40:56','2025-01-05 02:37:30','{\"browser\":\"Chrome 131.0.0\",\"os\":\"Mac OS X 10.15.7\",\"device\":\"Other 0.0.0\"}'),(156,1,'172.18.0.4','2025-01-05 02:37:30','2025-01-05 15:27:22','{\"browser\":\"Chrome 131.0.0\",\"os\":\"Windows 10.0.0\",\"device\":\"Other 0.0.0\"}'),(157,1,'172.18.0.4','2025-01-05 15:27:22','2025-01-05 15:27:36','{\"browser\":\"Chrome 131.0.0\",\"os\":\"Mac OS X 10.15.7\",\"device\":\"Other 0.0.0\"}'),(158,1,'172.18.0.4','2025-01-05 15:27:36','2025-01-05 15:29:32','{\"browser\":\"Chrome 131.0.0\",\"os\":\"Mac OS X 10.15.7\",\"device\":\"Other 0.0.0\"}'),(159,1,'172.18.0.4','2025-01-06 02:05:35','2025-01-06 05:07:58','{\"browser\":\"Chrome 131.0.0\",\"os\":\"Mac OS X 10.15.7\",\"device\":\"Other 0.0.0\"}'),(160,1,'172.18.0.4','2025-01-06 05:07:58','2025-01-06 12:00:13','{\"browser\":\"Chrome 131.0.0\",\"os\":\"Windows 10.0.0\",\"device\":\"Other 0.0.0\"}'),(161,1,'172.18.0.4','2025-01-06 12:00:13','2025-01-07 05:08:47','{\"browser\":\"Chrome 131.0.0\",\"os\":\"Mac OS X 10.15.7\",\"device\":\"Other 0.0.0\"}'),(162,1,'172.18.0.4','2025-01-07 05:08:47','2025-01-08 06:45:20','{\"browser\":\"Chrome 131.0.0\",\"os\":\"Windows 10.0.0\",\"device\":\"Other 0.0.0\"}'),(163,1,'172.18.0.4','2025-01-08 06:45:20','2025-01-08 08:59:49','{\"browser\":\"Chrome 131.0.0\",\"os\":\"Mac OS X 10.15.7\",\"device\":\"Other 0.0.0\"}'),(164,1,'172.18.0.4','2025-01-08 08:59:49','2025-01-09 05:21:09','{\"browser\":\"Chrome 131.0.0\",\"os\":\"Mac OS X 10.15.7\",\"device\":\"Other 0.0.0\"}'),(165,1,'172.18.0.4','2025-01-09 05:21:09','2025-01-09 05:31:25','{\"browser\":\"Chrome 131.0.0\",\"os\":\"Windows 10.0.0\",\"device\":\"Other 0.0.0\"}'),(166,1,'172.18.0.4','2025-01-09 05:32:39','2025-01-09 10:09:24','{\"browser\":\"Chrome 131.0.0\",\"os\":\"Windows 10.0.0\",\"device\":\"Other 0.0.0\"}'),(167,1,'172.18.0.4','2025-01-09 10:09:27','2025-01-09 11:01:18','{\"browser\":\"Chrome 131.0.0\",\"os\":\"Windows 10.0.0\",\"device\":\"Other 0.0.0\"}'),(168,1,'172.18.0.4','2025-01-09 11:01:21','2025-01-09 11:40:14','{\"browser\":\"Chrome 131.0.0\",\"os\":\"Windows 10.0.0\",\"device\":\"Other 0.0.0\"}'),(169,1,'172.18.0.4','2025-01-09 11:40:14','2025-01-09 14:25:15','{\"browser\":\"Chrome 131.0.0\",\"os\":\"Mac OS X 10.15.7\",\"device\":\"Other 0.0.0\"}'),(170,1,'172.18.0.4','2025-01-09 14:32:53','2025-01-09 14:35:16','{\"browser\":\"Chrome 131.0.0\",\"os\":\"Windows 10.0.0\",\"device\":\"Other 0.0.0\"}'),(171,1,'172.18.0.4','2025-01-09 14:35:16','2025-01-09 16:31:57','{\"browser\":\"Chrome 131.0.0\",\"os\":\"Windows 10.0.0\",\"device\":\"Other 0.0.0\"}'),(172,1,'172.18.0.4','2025-01-09 16:32:33','2025-01-09 16:32:41','{\"browser\":\"Chrome 131.0.0\",\"os\":\"Windows 10.0.0\",\"device\":\"Other 0.0.0\"}'),(173,1,'172.18.0.4','2025-01-09 16:33:33','2025-01-09 16:43:04','{\"browser\":\"Chrome 131.0.0\",\"os\":\"Windows 10.0.0\",\"device\":\"Other 0.0.0\"}'),(174,1,'172.18.0.4','2025-01-09 17:17:37','2025-01-10 08:33:39','{\"browser\":\"Chrome 131.0.0\",\"os\":\"Windows 10.0.0\",\"device\":\"Other 0.0.0\"}'),(175,1,'172.18.0.4','2025-01-10 08:33:39','2025-01-11 08:43:31','{\"browser\":\"Chrome 131.0.0\",\"os\":\"Mac OS X 10.15.7\",\"device\":\"Other 0.0.0\"}'),(176,1,'172.18.0.4','2025-01-11 08:43:31','2025-01-13 09:30:40','{\"browser\":\"Chrome 131.0.0\",\"os\":\"Mac OS X 10.15.7\",\"device\":\"Other 0.0.0\"}'),(177,1,'172.18.0.4','2025-01-13 09:30:40','2025-01-14 02:48:20','{\"browser\":\"Chrome 131.0.0\",\"os\":\"Mac OS X 10.15.7\",\"device\":\"Other 0.0.0\"}'),(178,1,'172.18.0.4','2025-01-14 02:48:20','2025-01-14 02:49:04','{\"browser\":\"Chrome 131.0.0\",\"os\":\"Mac OS X 10.15.7\",\"device\":\"Other 0.0.0\"}'),(179,1,'172.18.0.4','2025-01-14 02:49:04','2025-01-14 02:52:59','{\"browser\":\"Chrome 131.0.0\",\"os\":\"Mac OS X 10.15.7\",\"device\":\"Other 0.0.0\"}'),(180,1,'172.18.0.4','2025-01-14 02:52:59','2025-01-14 04:40:30','{\"browser\":\"Chrome 131.0.0\",\"os\":\"Mac OS X 10.15.7\",\"device\":\"Other 0.0.0\"}'),(181,1,'172.18.0.4','2025-01-14 04:40:30','2025-01-14 09:01:51','{\"browser\":\"Chrome 131.0.0\",\"os\":\"Mac OS X 10.15.7\",\"device\":\"Other 0.0.0\"}'),(182,1,'172.18.0.4','2025-01-14 09:01:51','2025-01-14 09:19:47','{\"browser\":\"Chrome 131.0.0\",\"os\":\"Windows 10.0.0\",\"device\":\"Other 0.0.0\"}'),(183,1,'172.18.0.4','2025-01-14 10:34:12','2025-01-15 05:43:49','{\"browser\":\"Chrome 131.0.0\",\"os\":\"Mac OS X 10.15.7\",\"device\":\"Other 0.0.0\"}'),(184,1,'172.18.0.4','2025-01-15 05:43:49','2025-01-16 04:42:47','{\"browser\":\"Chrome 131.0.0\",\"os\":\"Mac OS X 10.15.7\",\"device\":\"Other 0.0.0\"}'),(185,1,'172.18.0.4','2025-01-16 04:42:47','2025-01-16 08:18:24','{\"browser\":\"Chrome 131.0.0\",\"os\":\"Mac OS X 10.15.7\",\"device\":\"Other 0.0.0\"}'),(186,1,'172.18.0.4','2025-01-16 08:18:24','2025-01-16 08:21:28','{\"browser\":\"Chrome 131.0.0\",\"os\":\"Mac OS X 10.15.7\",\"device\":\"Other 0.0.0\"}'),(187,1,'172.18.0.4','2025-01-16 08:32:55','2025-01-16 08:37:13','{\"browser\":\"Chrome 131.0.0\",\"os\":\"Mac OS X 10.15.7\",\"device\":\"Other 0.0.0\"}'),(188,1,'172.18.0.4','2025-01-16 08:37:13','2025-01-16 23:59:34','{\"browser\":\"Chrome 131.0.0\",\"os\":\"Windows 10.0.0\",\"device\":\"Other 0.0.0\"}'),(189,1,'172.18.0.4','2025-01-16 23:59:34','2025-01-17 04:09:59','{\"browser\":\"Chrome 131.0.0\",\"os\":\"Mac OS X 10.15.7\",\"device\":\"Other 0.0.0\"}'),(190,1,'172.18.0.4','2025-01-17 04:09:59','2025-01-17 04:10:03','{\"browser\":\"Chrome 131.0.0\",\"os\":\"Mac OS X 10.15.7\",\"device\":\"Other 0.0.0\"}'),(191,1,'172.18.0.4','2025-01-17 04:10:03','2025-01-17 04:35:40','{\"browser\":\"Chrome 131.0.0\",\"os\":\"Mac OS X 10.15.7\",\"device\":\"Other 0.0.0\"}'),(192,1,'172.18.0.4','2025-01-17 04:35:40','2025-01-17 08:17:43','{\"browser\":\"Chrome 131.0.0\",\"os\":\"Mac OS X 10.15.7\",\"device\":\"Other 0.0.0\"}'),(193,1,'172.18.0.4','2025-01-17 08:17:43','2025-01-17 09:19:21','{\"browser\":\"Chrome 131.0.0\",\"os\":\"Mac OS X 10.15.7\",\"device\":\"Other 0.0.0\"}'),(194,1,'172.18.0.4','2025-01-17 09:19:21','2025-01-20 02:39:12','{\"browser\":\"Chrome 131.0.0\",\"os\":\"Windows 10.0.0\",\"device\":\"Other 0.0.0\"}'),(195,1,'172.18.0.4','2025-01-20 02:39:12','2025-01-20 07:00:59','{\"browser\":\"Chrome 131.0.0\",\"os\":\"Mac OS X 10.15.7\",\"device\":\"Other 0.0.0\"}'),(196,1,'172.18.0.4','2025-01-20 07:00:59','2025-01-20 08:23:39','{\"browser\":\"Chrome 131.0.0\",\"os\":\"Mac OS X 10.15.7\",\"device\":\"Other 0.0.0\"}'),(197,1,'172.18.0.4','2025-01-20 08:23:39','2025-01-20 10:42:31','{\"browser\":\"Chrome 131.0.0\",\"os\":\"Windows 10.0.0\",\"device\":\"Other 0.0.0\"}'),(198,1,'172.18.0.4','2025-01-20 10:42:31','2025-01-21 04:54:53','{\"browser\":\"Chrome 131.0.0\",\"os\":\"Mac OS X 10.15.7\",\"device\":\"Other 0.0.0\"}'),(199,1,'172.18.0.4','2025-01-21 04:54:57','2025-01-21 05:45:01','{\"browser\":\"Chrome Mobile 131.0.0\",\"os\":\"Android 6.0.0\",\"device\":\"Nexus 5 0.0.0\"}'),(200,1,'172.18.0.4','2025-01-21 08:09:00','2025-01-21 08:09:07','{\"browser\":\"Chrome 131.0.0\",\"os\":\"Mac OS X 10.15.7\",\"device\":\"Other 0.0.0\"}'),(201,1,'172.18.0.4','2025-01-21 08:09:07','2025-01-21 08:12:16','{\"browser\":\"Chrome 131.0.0\",\"os\":\"Mac OS X 10.15.7\",\"device\":\"Other 0.0.0\"}'),(202,1,'172.18.0.4','2025-01-21 08:43:16','2025-01-23 07:06:26','{\"browser\":\"Chrome 131.0.0\",\"os\":\"Mac OS X 10.15.7\",\"device\":\"Other 0.0.0\"}'),(203,1,'172.18.0.4','2025-01-23 07:06:26','2025-01-23 07:41:44','{\"browser\":\"Chrome 131.0.0\",\"os\":\"Mac OS X 10.15.7\",\"device\":\"Other 0.0.0\"}'),(204,1,'172.18.0.4','2025-01-23 07:41:44','2025-01-23 08:17:44','{\"browser\":\"Chrome 131.0.0\",\"os\":\"Mac OS X 10.15.7\",\"device\":\"Other 0.0.0\"}'),(205,1,'172.18.0.4','2025-01-23 08:33:14','2025-01-23 08:33:51','{\"browser\":\"Mobile Safari 16.6.0\",\"os\":\"iOS 16.6.0\",\"device\":\"iPhone 0.0.0\"}'),(206,1,'172.18.0.4','2025-01-23 08:33:51','2025-01-24 05:50:46','{\"browser\":\"Mobile Safari 16.6.0\",\"os\":\"iOS 16.6.0\",\"device\":\"iPhone 0.0.0\"}'),(207,1,'172.18.0.4','2025-01-24 05:50:49','2025-01-24 08:43:44','{\"browser\":\"Chrome 131.0.0\",\"os\":\"Mac OS X 10.15.7\",\"device\":\"Other 0.0.0\"}'),(208,1,'172.18.0.4','2025-01-24 08:43:45',NULL,'{\"browser\":\"Chrome 131.0.0\",\"os\":\"Mac OS X 10.15.7\",\"device\":\"Other 0.0.0\"}');
/*!40000 ALTER TABLE `session_logs` ENABLE KEYS */;
UNLOCK TABLES;

--
-- Table structure for table `settings`
--

DROP TABLE IF EXISTS `settings`;
/*!40101 SET @saved_cs_client     = @@character_set_client */;
/*!50503 SET character_set_client = utf8mb4 */;
CREATE TABLE `settings` (
  `id` int NOT NULL AUTO_INCREMENT,
  `brand_name` varchar(255) DEFAULT NULL,
  `email` varchar(255) DEFAULT NULL,
  `primary_phone` varchar(255) DEFAULT NULL,
  `secondary_phone` varchar(255) DEFAULT NULL,
  `fav_icon` varchar(255) DEFAULT NULL,
  `brandingImage` varchar(255) DEFAULT NULL,
  `brandingFooterImage` varchar(255) DEFAULT NULL,
  `address` varchar(255) DEFAULT NULL,
  `footer_desc` text,
  `google_analytics` varchar(255) DEFAULT NULL,
  `createdAt` datetime NOT NULL DEFAULT CURRENT_TIMESTAMP,
  `updatedAt` datetime NOT NULL DEFAULT CURRENT_TIMESTAMP,
  PRIMARY KEY (`id`)
) ENGINE=InnoDB AUTO_INCREMENT=628 DEFAULT CHARSET=utf8mb4 COLLATE=utf8mb4_0900_ai_ci;
/*!40101 SET character_set_client = @saved_cs_client */;

--
-- Dumping data for table `settings`
--

LOCK TABLES `settings` WRITE;
/*!40000 ALTER TABLE `settings` DISABLE KEYS */;
INSERT INTO `settings` VALUES (627,'General Asahi','info@generalashai.co.jp','0926118311','0926118311','resources/1734948758354-dm1hdp0p-logo.svg','resources/1736487238742-f66zdm6c-Group_11661.png','resources/1736487200221-uho04nt3-logo_bk.png','Fuchū, Japan','General Asahi','UA-123456789-1','2024-12-19 08:42:26','2025-01-14 10:57:18');
/*!40000 ALTER TABLE `settings` ENABLE KEYS */;
UNLOCK TABLES;

--
-- Table structure for table `socials`
--

DROP TABLE IF EXISTS `socials`;
/*!40101 SET @saved_cs_client     = @@character_set_client */;
/*!50503 SET character_set_client = utf8mb4 */;
CREATE TABLE `socials` (
  `id` int NOT NULL AUTO_INCREMENT,
  `social_title` varchar(255) NOT NULL,
  `social_url` varchar(255) NOT NULL,
  `fav_icon` varchar(255) DEFAULT NULL,
  `settingId` int NOT NULL,
  `createdAt` datetime NOT NULL DEFAULT CURRENT_TIMESTAMP,
  `updatedAt` datetime NOT NULL DEFAULT CURRENT_TIMESTAMP,
  PRIMARY KEY (`id`),
  KEY `settingId` (`settingId`),
  CONSTRAINT `socials_ibfk_1` FOREIGN KEY (`settingId`) REFERENCES `settings` (`id`) ON DELETE CASCADE ON UPDATE CASCADE
) ENGINE=InnoDB DEFAULT CHARSET=utf8mb4 COLLATE=utf8mb4_0900_ai_ci;
/*!40101 SET character_set_client = @saved_cs_client */;

--
-- Dumping data for table `socials`
--

LOCK TABLES `socials` WRITE;
/*!40000 ALTER TABLE `socials` DISABLE KEYS */;
/*!40000 ALTER TABLE `socials` ENABLE KEYS */;
UNLOCK TABLES;

--
-- Table structure for table `time_table`
--

DROP TABLE IF EXISTS `time_table`;
/*!40101 SET @saved_cs_client     = @@character_set_client */;
/*!50503 SET character_set_client = utf8mb4 */;
CREATE TABLE `time_table` (
  `id` int NOT NULL AUTO_INCREMENT,
  `timeTableHeaderId` int NOT NULL,
  `title` varchar(255) NOT NULL,
  `description` text NOT NULL,
  `date` time DEFAULT NULL,
  `createdAt` datetime NOT NULL DEFAULT CURRENT_TIMESTAMP,
  `updatedAt` datetime NOT NULL DEFAULT CURRENT_TIMESTAMP,
  PRIMARY KEY (`id`),
  KEY `timeTableHeaderId` (`timeTableHeaderId`),
  CONSTRAINT `time_table_ibfk_1` FOREIGN KEY (`timeTableHeaderId`) REFERENCES `time_table_header` (`id`) ON UPDATE CASCADE
) ENGINE=InnoDB AUTO_INCREMENT=207 DEFAULT CHARSET=utf8mb4 COLLATE=utf8mb4_0900_ai_ci;
/*!40101 SET character_set_client = @saved_cs_client */;

--
-- Dumping data for table `time_table`
--

LOCK TABLES `time_table` WRITE;
/*!40000 ALTER TABLE `time_table` DISABLE KEYS */;
INSERT INTO `time_table` VALUES (164,1,'朝礼','その日の担当の人がお題に沿ったスピーチを行います。業務連絡もあれば一緒に行います。','08:30:00','2025-01-14 09:02:05','2025-01-14 09:02:05'),(165,1,'メール確認・見積・工程入力','クライアントよりいただいた依頼をもとに見積や印刷スケジュールなどデスクワークをメインに行います。','09:00:00','2025-01-14 09:02:05','2025-01-14 09:02:05'),(166,1,'昼休憩','社内に休憩スペースがあるので、そこで同期と一緒に弁当を食べています。','12:00:00','2025-01-14 09:02:05','2025-01-14 09:02:05'),(167,1,'打ち合わせ','デスクワークも行いますが、担当しているクライアント先に伺い、打ち合わせ等を行います。','13:00:00','2025-01-14 09:02:05','2025-01-14 09:02:05'),(168,1,'退社','筋トレやランニングを行い、体が鈍らないようにしています。','18:30:00','2025-01-14 09:02:05','2025-01-14 09:02:05'),(169,15,'朝礼・メール確認','チームで毎朝顔を合わせてタスクを確認し、メールの返信も行います。','09:00:00','2025-01-14 09:02:39','2025-01-14 09:02:39'),(170,15,'クライアントとの打ち合わせ','新規案件のオリエン参加や、提案などを行います。','10:00:00','2025-01-14 09:02:39','2025-01-14 09:02:39'),(171,15,'昼休憩','東京の事務所周辺には沢山のお店があります。','12:00:00','2025-01-14 09:02:39','2025-01-14 09:02:39'),(172,15,'デザイン・コーディングの内容確認','デザイナー、コーダーから上がってきたデータを確認し、必要があれば修正依頼を出します。','13:00:00','2025-01-14 09:02:39','2025-01-14 09:02:39'),(173,15,'社内MTG','新しい案件の確認や、次回提案までの内容・スケジュールをチェックします。','16:00:00','2025-01-14 09:02:39','2025-01-14 09:02:39'),(174,15,'退社','翌日のタスクやメールを確認して帰宅します。','19:00:00','2025-01-14 09:02:39','2025-01-14 09:02:39'),(175,14,'朝礼・メールとスケジュール確認','今日のタスクを確認し、一日の優先順位を決めます。','08:30:00','2025-01-14 09:02:53','2025-01-14 09:02:53'),(176,14,'入稿作業・設計と印刷確認','デザイナーが制作した印刷データを社内の担当部署に接続します。','09:00:00','2025-01-14 09:02:53','2025-01-14 09:02:53'),(177,14,'昼休憩','午前中から外部で打ち合わせがあった時は、そのまま外食することもあります。','12:00:00','2025-01-14 09:02:53','2025-01-14 09:02:53'),(178,14,'クライアントとの打ち合わせ・メールチェック・見積作成','クライアント先に伺い、打ち合わせをします。 夕方、会社に戻り次第メールを確認し、案件の見積やスケジュールを作成した後メールを送ります。','13:00:00','2025-01-14 09:02:53','2025-01-14 09:02:53'),(179,14,'退社','翌日のタスクを確認し帰宅します。','18:30:00','2025-01-14 09:02:53','2025-01-14 09:02:53'),(180,13,'朝礼・スケジュール確認','チームで負荷状況の確認をしつつ、スケジュールの遅れなどがないか確認します。','09:00:00','2025-01-14 09:03:05','2025-01-14 09:03:05'),(181,13,'クライアントとの打ち合わせ','オンラインショップの運用をサポートをさせていただいているクライアントと定例ミーティング。週1回のペースで行い、課題を確認します。','10:00:00','2025-01-14 09:03:05','2025-01-14 09:03:05'),(182,13,'昼休憩','早めにご飯を食べて、仮眠を取ったり、音楽を聴いたりしてリフレッシュします。','12:00:00','2025-01-14 09:03:05','2025-01-14 09:03:05'),(183,13,'コーディング作業','担当サイトのコーディングを進めます。ディレクターやデザイナーに要件をヒアリングしながら細部まで慎重に作業します。','13:00:00','2025-01-14 09:03:05','2025-01-14 09:03:05'),(184,13,'退社','翌日のタスクを確認して帰宅します。','18:30:00','2025-01-14 09:03:05','2025-01-14 09:03:05'),(185,12,'朝礼・メール確認','チームでの朝礼後、当日の作業を確認。その後メールの返信を行います。','09:00:00','2025-01-14 09:03:28','2025-01-14 09:03:28'),(186,12,'クライアントに提出する動画の確認','必要な作業が完了しているか確認し、修正がある場合は内容をまとめてエディターに伝えます。','10:00:00','2025-01-14 09:03:28','2025-01-14 09:03:28'),(187,12,'昼休憩','最近は自作したお弁当を持参しています。','12:00:00','2025-01-14 09:03:28','2025-01-14 09:03:28'),(188,12,'クライアントとの打ち合わせ','クライアントの希望をどのような表現、手法で映像に組み込んでいくかを考えながらヒアリングを行います。','13:00:00','2025-01-14 09:03:28','2025-01-14 09:03:28'),(189,12,'撮影香盤表の作成','撮影当日のスケジュールを作成します。5W1Hを意識しながら必要な情報を資料に落とし込みます。','16:30:00','2025-01-14 09:03:28','2025-01-14 09:03:28'),(190,12,'退社','担当案件のスケジュールを確認し帰宅。最近ミラーレス一眼を買ったので、家で写真の現像をするのがマイブームです。','19:00:00','2025-01-14 09:03:28','2025-01-14 09:03:28'),(196,10,'朝礼・メール確認','チームでのタスクの確認、朝のメール確認は必須です。','08:30:00','2025-01-14 09:03:54','2025-01-14 09:03:54'),(197,10,'デザイン修正','原稿を元にデザインの修正を行います。不明点がある場合はクライアントに連絡を取り確認を行います。','10:00:00','2025-01-14 09:03:54','2025-01-14 09:03:54'),(198,10,'昼休憩','パンを食べて、自席で仮眠を取ります。','12:00:00','2025-01-14 09:03:54','2025-01-14 09:03:54'),(199,10,'デザイン制作','企画書をもとに構成案や紙面の流れを考え、ラフを仕上げていきます。','13:00:00','2025-01-14 09:03:54','2025-01-14 09:03:54'),(200,10,'原稿整理','資料の整理も作業を効率的にするために大切です。','16:30:00','2025-01-14 09:03:54','2025-01-14 09:03:54'),(201,10,'退社','翌日のスケジュールを確認し帰宅します。急いで帰り愛猫と遊びます。','18:30:00','2025-01-14 09:03:54','2025-01-14 09:03:54'),(202,11,'朝礼・メール確認','チームメンバーに今日のタスクと終了予定時間を報告し、メール等を返信・チェックします。','09:00:00','2025-01-14 09:17:59','2025-01-14 09:17:59'),(203,11,'デザイン制作','期日までに仕上げるべく作業に集中します。','10:00:00','2025-01-14 09:17:59','2025-01-14 09:17:59'),(204,11,'昼休憩','前日に作った弁当を食べたり、新しいお店を探して気分転換しています。最近はデパ地下の健康弁当にハマっています。','12:00:00','2025-01-14 09:17:59','2025-01-14 09:17:59'),(205,11,'デザイン修正作業','先輩やディレクターからの修正指示を細かく確認しながら作業を進めます。MTGが入ることもあります。','13:00:00','2025-01-14 09:17:59','2025-01-14 09:17:59'),(206,11,'退社','その日の作業をまとめ、翌日の作業予想を報告し帰宅します。家ではハムスターとよく遊びます。','19:00:00','2025-01-14 09:17:59','2025-01-14 09:17:59');
/*!40000 ALTER TABLE `time_table` ENABLE KEYS */;
UNLOCK TABLES;

--
-- Table structure for table `time_table_header`
--

DROP TABLE IF EXISTS `time_table_header`;
/*!40101 SET @saved_cs_client     = @@character_set_client */;
/*!50503 SET character_set_client = utf8mb4 */;
CREATE TABLE `time_table_header` (
  `id` int NOT NULL AUTO_INCREMENT,
  `heading` varchar(255) NOT NULL,
  `sub_heading` varchar(255) NOT NULL,
  `employeeId` int NOT NULL,
  `img_one` varchar(255) DEFAULT NULL,
  `img_two` varchar(255) DEFAULT NULL,
  `createdAt` datetime NOT NULL DEFAULT CURRENT_TIMESTAMP,
  `updatedAt` datetime NOT NULL DEFAULT CURRENT_TIMESTAMP,
  PRIMARY KEY (`id`),
  KEY `employeeId` (`employeeId`),
  CONSTRAINT `time_table_header_ibfk_1` FOREIGN KEY (`employeeId`) REFERENCES `employees` (`id`) ON UPDATE CASCADE
) ENGINE=InnoDB AUTO_INCREMENT=16 DEFAULT CHARSET=utf8mb4 COLLATE=utf8mb4_0900_ai_ci;
/*!40101 SET character_set_client = @saved_cs_client */;

--
-- Dumping data for table `time_table_header`
--

LOCK TABLES `time_table_header` WRITE;
/*!40000 ALTER TABLE `time_table_header` DISABLE KEYS */;
INSERT INTO `time_table_header` VALUES (1,'1日のスケジュールを教えてください。','営業である私のとある1日をご紹介します！',5,'resources/1735568114844-li0o888v-20230910_34143.png','resources/1735575118826-5pz4qa9s-20230910_34251.png','2024-12-19 13:01:55','2025-01-14 08:55:22'),(10,'1日のスケジュールを教えてください。','グラフィックデザイナーである私のとある1日をご紹介します！',6,'resources/1735575444718-1l8fpmr0-20240808_33559.png','resources/1735575447892-o31a0iv6-20240808_33628.png','2024-12-21 03:57:52','2025-01-14 07:10:52'),(11,'1日のスケジュールを教えてください。','Webデザイナーである私のとある1日をご紹介します！',7,'resources/1736846254608-mlwcrhi3-img.jpg','resources/1735579156499-ussafmpl-new_img_3_3.png','2024-12-21 04:21:17','2025-01-14 09:17:59'),(12,'1日のスケジュールを教えてください。','映像ディレクターである私のとある1日をご紹介します！',8,'resources/1735579572947-6rw6l7fb-240806_GAweb_recruit_3984_kitaura.png','resources/1735579575997-8rgt2isj-o.png','2024-12-21 04:28:08','2025-01-14 08:35:44'),(13,'1日のスケジュールを教えてください。','フロントエンドエンジニアである私のとある1日をご紹介します！',9,'resources/1735579823993-3x02s8wd-new_img_5_2.png','resources/1735579826460-idjl1iqn-new_img_5_3.png','2024-12-21 04:51:59','2024-12-30 17:31:04'),(14,'1日のスケジュールを教えてください。','営業である私のとある1日をご紹介します！',10,'resources/1735580119670-u7tr1ly5-20230910_34189.png','resources/1735580121994-4txuoo54-20230910_34200.png','2024-12-21 05:05:32','2025-01-14 08:45:01'),(15,'1日のスケジュールを教えてください。','Webディレクターである私のとある1日をご紹介します！',11,'resources/1735580382235-229v4agd-d.png','resources/1735580398194-xkzl15y9-c.png','2024-12-21 05:13:14','2025-01-14 07:05:12');
/*!40000 ALTER TABLE `time_table_header` ENABLE KEYS */;
UNLOCK TABLES;

--
-- Table structure for table `users`
--

DROP TABLE IF EXISTS `users`;
/*!40101 SET @saved_cs_client     = @@character_set_client */;
/*!50503 SET character_set_client = utf8mb4 */;
CREATE TABLE `users` (
  `id` int NOT NULL AUTO_INCREMENT,
  `username` varchar(255) DEFAULT NULL,
  `firstName` varchar(255) DEFAULT NULL,
  `lastName` varchar(255) DEFAULT NULL,
  `email` varchar(255) NOT NULL,
  `password` varchar(255) DEFAULT NULL,
  `imageUrl` varchar(255) DEFAULT NULL,
  `gender` enum('male','female','other') DEFAULT NULL,
  `addedBy` int DEFAULT NULL,
  `isActive` tinyint(1) DEFAULT '1',
  `mobileNo` varchar(255) NOT NULL,
  `mobilePrefix` varchar(255) NOT NULL,
  `otp` int DEFAULT NULL,
  `roleId` int NOT NULL,
  `updatedBy` int DEFAULT NULL,
  `isDeleted` tinyint(1) DEFAULT '0',
  `deletedAt` datetime DEFAULT NULL,
  `createdAt` datetime NOT NULL,
  `updatedAt` datetime NOT NULL,
  `supervisorId` int DEFAULT NULL,
  PRIMARY KEY (`id`),
  UNIQUE KEY `username` (`username`),
  KEY `addedBy` (`addedBy`),
  KEY `roleId` (`roleId`),
  KEY `updatedBy` (`updatedBy`),
  KEY `users_supervisorId_foreign_idx` (`supervisorId`),
  CONSTRAINT `users_ibfk_1` FOREIGN KEY (`addedBy`) REFERENCES `users` (`id`),
  CONSTRAINT `users_ibfk_2` FOREIGN KEY (`roleId`) REFERENCES `roles` (`id`),
  CONSTRAINT `users_ibfk_3` FOREIGN KEY (`updatedBy`) REFERENCES `users` (`id`),
  CONSTRAINT `users_supervisorId_foreign_idx` FOREIGN KEY (`supervisorId`) REFERENCES `users` (`id`)
) ENGINE=InnoDB AUTO_INCREMENT=10 DEFAULT CHARSET=utf8mb4 COLLATE=utf8mb4_0900_ai_ci;
/*!40101 SET character_set_client = @saved_cs_client */;

--
-- Dumping data for table `users`
--

LOCK TABLES `users` WRITE;
/*!40000 ALTER TABLE `users` DISABLE KEYS */;
INSERT INTO `users` VALUES (1,'superadmin','Super','Admin','superadmin@technirvana.com.np','$2b$10$7oIxBJQLmEZL7N.dMsCXi.qPJ0MjFw5tEglnVEfaHXooF54C3xsl6','resources/1736487238742-f66zdm6c-Group_11661.png','male',NULL,1,'9841234567','+977',NULL,1,1,0,NULL,'2024-12-19 08:42:26','2025-01-11 08:45:31',NULL),(2,'admin','Admin','User','admin@technirvana.com.np','$2a$10$zUM6bKxyDDHPEgaLjshFNOGrsChiAt4/QPs7w3OdWXnvNlxvlt0L6',NULL,'male',NULL,1,'9841234567','+977',NULL,2,1,0,NULL,'2024-12-19 08:42:26','2024-12-22 15:44:21',1),(3,'prathapa','Prashant ','Thapa','prashant@technirvana.com.np','$2b$10$ILf9BYcU.trVp8/v9VsZVO7M4pJPc8rdZL8Zh1LWngbuh1PMHihia','resources/1734939454268-l12xnofs-avt.jpg','male',1,1,'9869028924','977',NULL,2,1,0,NULL,'2024-12-21 10:16:50','2025-01-10 05:22:10',1),(4,'jagdish','jagdish','yogi','jagdishyogi167@gmail.com','$2b$10$cUeDqA0M/G8VjnsJxS/9/.7BnAlvbZIZYId1nnGuMIHBEQjH/HaN2','resources/1734757721558-ggfz57vj-img_03.png','male',1,1,'9869626845','977',NULL,4,1,1,NULL,'2024-12-21 10:23:18','2024-12-22 10:12:59',1),(5,'Asim','asim','neupane','asimneupane11@gmail.com','$2b$10$iiAed9dX9eilof74fp197u5e/qMMs.XSjK5ZTHr8sWK1aazdbIf..','resources/1734760161760-tfb8s9m3-240724_GAweb_recruit_3562.png','male',1,1,'9860751411','977',NULL,2,NULL,1,NULL,'2024-12-21 10:40:52','2024-12-21 10:50:19',1),(6,'batuzybic','Barrett','Powell','sokyvizi@mailinator.com','$2b$10$.Ued3pYY2hNdGqT7v3Q3OOFA2ZwwzgO2NSr4CWjnd0sGoCobGSIXa','resources/1734624653525-ur6aa2wh-Group 14731.png','male',1,1,'9869626845','977',NULL,1,NULL,1,NULL,'2024-12-22 11:54:27','2024-12-22 11:55:26',1),(7,'qacyxa','Erich','Welch','lewokere@mailinator.com','$2b$10$U/sioZVRNRRaOTdwatEnpeYY4xH2FgSyCLb03/PvQyUTL0.43cXeu','resources/1734674601288-e3mfrcys-Mask_Group_8804.png','male',1,1,'9869626845','977',NULL,4,NULL,1,NULL,'2024-12-22 11:56:33','2024-12-22 11:56:38',1),(9,'jagdish123','jagdish','yogi','jagdishyogi167@gmail.com','$2b$10$mwQTFCl/rPp5s8o/SlvN5uPyuo0tzd42WE1aWYp.0W5kv0Ib9HIam','resources/1734624653525-ur6aa2wh-Group 14731.png','male',1,0,'9869626845','977',NULL,1,9,1,NULL,'2024-12-22 15:45:59','2024-12-26 10:18:07',1);
/*!40000 ALTER TABLE `users` ENABLE KEYS */;
UNLOCK TABLES;
/*!40103 SET TIME_ZONE=@OLD_TIME_ZONE */;

/*!40101 SET SQL_MODE=@OLD_SQL_MODE */;
/*!40014 SET FOREIGN_KEY_CHECKS=@OLD_FOREIGN_KEY_CHECKS */;
/*!40014 SET UNIQUE_CHECKS=@OLD_UNIQUE_CHECKS */;
/*!40101 SET CHARACTER_SET_CLIENT=@OLD_CHARACTER_SET_CLIENT */;
/*!40101 SET CHARACTER_SET_RESULTS=@OLD_CHARACTER_SET_RESULTS */;
/*!40101 SET COLLATION_CONNECTION=@OLD_COLLATION_CONNECTION */;
/*!40111 SET SQL_NOTES=@OLD_SQL_NOTES */;

-- Dump completed on 2025-01-27 16:29:47
